{"level":"warn","message":"Database health check attempt 1 failed, retrying...","service":"premier-erp","timestamp":"2025-09-27T14:05:51.931Z"}
{"level":"warn","message":"Database health check attempt 2 failed, retrying...","service":"premier-erp","timestamp":"2025-09-27T14:05:53.033Z"}
{"code":"28000","file":"miscinit.c","length":100,"level":"error","line":"799","message":"Database health check failed after all retries: role \"erp_user\" does not exist","name":"error","routine":"InitializeSessionUserId","service":"premier-erp","severity":"FATAL","stack":"error: role \"erp_user\" does not exist\n    at C:\\Users\\hooda\\OneDrive\\Desktop\\New folder (2)\\2025_ERP\\node_modules\\pg-pool\\index.js:45:11\n    at process.processTicksAndRejections (node:internal/process/task_queues:95:5)\n    at checkDatabaseHealth (C:\\Users\\hooda\\OneDrive\\Desktop\\New folder (2)\\2025_ERP\\server\\config\\database.ts:34:16)\n    at initializeDatabase (C:\\Users\\hooda\\OneDrive\\Desktop\\New folder (2)\\2025_ERP\\server\\config\\database.ts:57:23)\n    at startServer (C:\\Users\\hooda\\OneDrive\\Desktop\\New folder (2)\\2025_ERP\\server\\index.ts:380:5)\n    at <anonymous> (C:\\Users\\hooda\\OneDrive\\Desktop\\New folder (2)\\2025_ERP\\server\\index.ts:519:20)","timestamp":"2025-09-27T14:05:55.152Z"}
{"level":"warn","message":"Database health check attempt 1 failed, retrying...","service":"premier-erp","timestamp":"2025-09-27T14:06:32.617Z"}
{"level":"warn","message":"Database health check attempt 2 failed, retrying...","service":"premier-erp","timestamp":"2025-09-27T14:06:33.714Z"}
{"code":"28000","file":"miscinit.c","length":100,"level":"error","line":"799","message":"Database health check failed after all retries: role \"erp_user\" does not exist","name":"error","routine":"InitializeSessionUserId","service":"premier-erp","severity":"FATAL","stack":"error: role \"erp_user\" does not exist\n    at C:\\Users\\hooda\\OneDrive\\Desktop\\New folder (2)\\2025_ERP\\node_modules\\pg-pool\\index.js:45:11\n    at process.processTicksAndRejections (node:internal/process/task_queues:95:5)\n    at checkDatabaseHealth (C:\\Users\\hooda\\OneDrive\\Desktop\\New folder (2)\\2025_ERP\\server\\config\\database.ts:34:16)\n    at initializeDatabase (C:\\Users\\hooda\\OneDrive\\Desktop\\New folder (2)\\2025_ERP\\server\\config\\database.ts:57:23)\n    at startServer (C:\\Users\\hooda\\OneDrive\\Desktop\\New folder (2)\\2025_ERP\\server\\index.ts:380:5)\n    at <anonymous> (C:\\Users\\hooda\\OneDrive\\Desktop\\New folder (2)\\2025_ERP\\server\\index.ts:519:20)","timestamp":"2025-09-27T14:06:35.855Z"}
{"level":"warn","message":"Database health check attempt 1 failed, retrying...","service":"premier-erp","timestamp":"2025-09-27T14:06:46.663Z"}
{"level":"warn","message":"Database health check attempt 2 failed, retrying...","service":"premier-erp","timestamp":"2025-09-27T14:06:47.724Z"}
{"code":"28000","file":"miscinit.c","length":100,"level":"error","line":"799","message":"Database health check failed after all retries: role \"erp_user\" does not exist","name":"error","routine":"InitializeSessionUserId","service":"premier-erp","severity":"FATAL","stack":"error: role \"erp_user\" does not exist\n    at C:\\Users\\hooda\\OneDrive\\Desktop\\New folder (2)\\2025_ERP\\node_modules\\pg-pool\\index.js:45:11\n    at process.processTicksAndRejections (node:internal/process/task_queues:95:5)\n    at checkDatabaseHealth (C:\\Users\\hooda\\OneDrive\\Desktop\\New folder (2)\\2025_ERP\\server\\config\\database.ts:34:16)\n    at initializeDatabase (C:\\Users\\hooda\\OneDrive\\Desktop\\New folder (2)\\2025_ERP\\server\\config\\database.ts:57:23)\n    at startServer (C:\\Users\\hooda\\OneDrive\\Desktop\\New folder (2)\\2025_ERP\\server\\index.ts:380:5)\n    at <anonymous> (C:\\Users\\hooda\\OneDrive\\Desktop\\New folder (2)\\2025_ERP\\server\\index.ts:519:20)","timestamp":"2025-09-27T14:06:49.782Z"}
{"level":"info","message":"New database client connected","service":"premier-erp","timestamp":"2025-09-27T14:20:02.547Z"}
{"level":"info","message":"✅ Database connection established successfully","service":"premier-erp","timestamp":"2025-09-27T14:20:02.572Z"}
{"level":"info","message":"Database client removed from pool","service":"premier-erp","timestamp":"2025-09-27T14:20:04.808Z"}
{"level":"info","message":"New database client connected","service":"premier-erp","timestamp":"2025-09-27T14:20:04.871Z"}
{"level":"info","message":"Database client removed from pool","service":"premier-erp","timestamp":"2025-09-27T14:20:04.874Z"}
{"level":"info","message":"New database client connected","service":"premier-erp","timestamp":"2025-09-27T14:20:04.931Z"}
{"level":"info","message":"Database client removed from pool","service":"premier-erp","timestamp":"2025-09-27T14:20:04.933Z"}
{"level":"info","message":"✅ All API routes registered successfully","service":"premier-erp","timestamp":"2025-09-27T14:20:04.993Z"}
{"level":"info","message":"✅ Port 5000 is available","service":"premier-erp","timestamp":"2025-09-27T14:20:04.998Z"}
{"level":"info","message":"🚀 Premier ERP System running on port 5000","service":"premier-erp","timestamp":"2025-09-27T14:20:05.001Z"}
{"level":"info","message":"📊 Environment: development","service":"premier-erp","timestamp":"2025-09-27T14:20:05.001Z"}
{"level":"info","message":"📋 Health check: http://localhost:5000/api/health","service":"premier-erp","timestamp":"2025-09-27T14:20:05.002Z"}
{"level":"info","message":"Periodic memory cleanup scheduled every 5 minutes","service":"premier-erp","timestamp":"2025-09-27T14:20:05.002Z"}
{"level":"info","message":"New database client connected","service":"premier-erp","timestamp":"2025-09-27T14:20:05.023Z"}
{"level":"info","message":"Database client removed from pool","service":"premier-erp","timestamp":"2025-09-27T14:20:05.042Z"}
{"level":"info","message":"🌐 Frontend: http://localhost:5000/","service":"premier-erp","timestamp":"2025-09-27T14:20:05.381Z"}
{"level":"info","message":"🌐 API Base: http://localhost:5000/api/","service":"premier-erp","timestamp":"2025-09-27T14:20:05.382Z"}
{"level":"info","message":"New database client connected","service":"premier-erp","timestamp":"2025-09-27T14:20:13.525Z"}
{"level":"info","message":"Database client removed from pool","service":"premier-erp","timestamp":"2025-09-27T14:20:13.532Z"}
{"level":"info","message":"New database client connected","service":"premier-erp","timestamp":"2025-09-27T14:20:13.648Z"}
{"level":"info","message":"Database client removed from pool","service":"premier-erp","timestamp":"2025-09-27T14:20:19.196Z"}
{"level":"info","message":"New database client connected","service":"premier-erp","timestamp":"2025-09-27T14:20:19.964Z"}
{"level":"info","message":"Database client removed from pool","service":"premier-erp","timestamp":"2025-09-27T14:20:20.045Z"}
{"level":"info","message":"New database client connected","service":"premier-erp","timestamp":"2025-09-27T14:20:20.357Z"}
{"level":"info","message":"Database client removed from pool","service":"premier-erp","timestamp":"2025-09-27T14:20:20.364Z"}
{"level":"info","message":"New database client connected","service":"premier-erp","timestamp":"2025-09-27T14:20:20.528Z"}
{"level":"info","message":"Database client removed from pool","service":"premier-erp","timestamp":"2025-09-27T14:20:20.595Z"}
{"level":"info","message":"New database client connected","service":"premier-erp","timestamp":"2025-09-27T14:20:21.061Z"}
{"level":"info","message":"Database client removed from pool","service":"premier-erp","timestamp":"2025-09-27T14:20:21.071Z"}
{"level":"info","message":"New database client connected","service":"premier-erp","timestamp":"2025-09-27T14:20:21.419Z"}
{"level":"info","message":"Database client removed from pool","service":"premier-erp","timestamp":"2025-09-27T14:20:21.422Z"}
{"level":"info","message":"New database client connected","service":"premier-erp","timestamp":"2025-09-27T14:20:22.631Z"}
{"level":"info","message":"Database client removed from pool","service":"premier-erp","timestamp":"2025-09-27T14:20:22.658Z"}
{"level":"info","message":"New database client connected","service":"premier-erp","timestamp":"2025-09-27T14:20:23.139Z"}
{"level":"info","message":"Database client removed from pool","service":"premier-erp","timestamp":"2025-09-27T14:20:23.164Z"}
{"level":"info","message":"New database client connected","service":"premier-erp","timestamp":"2025-09-27T14:20:23.551Z"}
{"level":"info","message":"Database client removed from pool","service":"premier-erp","timestamp":"2025-09-27T14:20:23.561Z"}
{"level":"info","message":"New database client connected","service":"premier-erp","timestamp":"2025-09-27T14:20:23.674Z"}
{"level":"info","message":"Database client removed from pool","service":"premier-erp","timestamp":"2025-09-27T14:20:23.678Z"}
{"level":"info","message":"New database client connected","service":"premier-erp","timestamp":"2025-09-27T14:20:23.829Z"}
{"level":"info","message":"Database client removed from pool","service":"premier-erp","timestamp":"2025-09-27T14:20:23.874Z"}
{"level":"info","message":"New database client connected","service":"premier-erp","timestamp":"2025-09-27T14:20:24.156Z"}
{"level":"info","message":"Database client removed from pool","service":"premier-erp","timestamp":"2025-09-27T14:20:24.165Z"}
{"level":"info","message":"New database client connected","service":"premier-erp","timestamp":"2025-09-27T14:20:24.347Z"}
{"level":"info","message":"Database client removed from pool","service":"premier-erp","timestamp":"2025-09-27T14:20:24.352Z"}
{"level":"info","message":"New database client connected","service":"premier-erp","timestamp":"2025-09-27T14:20:24.508Z"}
{"level":"info","message":"Database client removed from pool","service":"premier-erp","timestamp":"2025-09-27T14:20:24.519Z"}
{"level":"info","message":"New database client connected","service":"premier-erp","timestamp":"2025-09-27T14:20:24.614Z"}
{"level":"info","message":"Database client removed from pool","service":"premier-erp","timestamp":"2025-09-27T14:20:24.628Z"}
{"level":"info","message":"New database client connected","service":"premier-erp","timestamp":"2025-09-27T14:20:24.935Z"}
{"level":"info","message":"Database client removed from pool","service":"premier-erp","timestamp":"2025-09-27T14:20:24.939Z"}
{"level":"info","message":"New database client connected","service":"premier-erp","timestamp":"2025-09-27T14:20:25.126Z"}
{"level":"info","message":"Database client removed from pool","service":"premier-erp","timestamp":"2025-09-27T14:20:25.146Z"}
{"level":"info","message":"New database client connected","service":"premier-erp","timestamp":"2025-09-27T14:20:31.352Z"}
{"level":"info","message":"Database client removed from pool","service":"premier-erp","timestamp":"2025-09-27T14:20:31.356Z"}
{"level":"info","message":"New database client connected","service":"premier-erp","timestamp":"2025-09-27T14:20:32.561Z"}
{"level":"info","message":"Database client removed from pool","service":"premier-erp","timestamp":"2025-09-27T14:20:32.569Z"}
{"level":"info","message":"New database client connected","service":"premier-erp","timestamp":"2025-09-27T14:20:32.883Z"}
{"level":"info","message":"Database client removed from pool","service":"premier-erp","timestamp":"2025-09-27T14:20:32.900Z"}
{"level":"info","message":"New database client connected","service":"premier-erp","timestamp":"2025-09-27T14:20:33.013Z"}
{"level":"info","message":"Database client removed from pool","service":"premier-erp","timestamp":"2025-09-27T14:20:33.019Z"}
{"level":"info","message":"New database client connected","service":"premier-erp","timestamp":"2025-09-27T14:20:33.173Z"}
{"level":"info","message":"Database client removed from pool","service":"premier-erp","timestamp":"2025-09-27T14:20:33.181Z"}
{"level":"info","message":"New database client connected","service":"premier-erp","timestamp":"2025-09-27T14:20:33.320Z"}
{"level":"info","message":"Database client removed from pool","service":"premier-erp","timestamp":"2025-09-27T14:20:33.341Z"}
{"level":"info","message":"New database client connected","service":"premier-erp","timestamp":"2025-09-27T14:20:33.489Z"}
{"level":"info","message":"Database client removed from pool","service":"premier-erp","timestamp":"2025-09-27T14:20:33.496Z"}
{"level":"info","message":"New database client connected","service":"premier-erp","timestamp":"2025-09-27T14:20:33.634Z"}
{"level":"info","message":"Database client removed from pool","service":"premier-erp","timestamp":"2025-09-27T14:20:33.671Z"}
{"level":"info","message":"New database client connected","service":"premier-erp","timestamp":"2025-09-27T14:20:33.942Z"}
{"level":"info","message":"Database client removed from pool","service":"premier-erp","timestamp":"2025-09-27T14:20:33.953Z"}
{"level":"info","message":"New database client connected","service":"premier-erp","timestamp":"2025-09-27T14:20:34.043Z"}
{"level":"info","message":"Database client removed from pool","service":"premier-erp","timestamp":"2025-09-27T14:20:34.054Z"}
{"level":"info","message":"New database client connected","service":"premier-erp","timestamp":"2025-09-27T14:20:34.173Z"}
{"level":"info","message":"Database client removed from pool","service":"premier-erp","timestamp":"2025-09-27T14:20:34.175Z"}
{"level":"info","message":"New database client connected","service":"premier-erp","timestamp":"2025-09-27T14:20:34.293Z"}
{"level":"info","message":"Database client removed from pool","service":"premier-erp","timestamp":"2025-09-27T14:20:34.297Z"}
{"level":"info","message":"New database client connected","service":"premier-erp","timestamp":"2025-09-27T14:20:34.397Z"}
{"level":"info","message":"Database client removed from pool","service":"premier-erp","timestamp":"2025-09-27T14:20:34.399Z"}
{"level":"info","message":"New database client connected","service":"premier-erp","timestamp":"2025-09-27T14:20:34.491Z"}
{"level":"info","message":"Database client removed from pool","service":"premier-erp","timestamp":"2025-09-27T14:20:34.494Z"}
{"level":"info","message":"New database client connected","service":"premier-erp","timestamp":"2025-09-27T14:20:34.586Z"}
{"level":"info","message":"Database client removed from pool","service":"premier-erp","timestamp":"2025-09-27T14:20:34.598Z"}
{"level":"info","message":"New database client connected","service":"premier-erp","timestamp":"2025-09-27T14:20:34.687Z"}
{"level":"info","message":"Database client removed from pool","service":"premier-erp","timestamp":"2025-09-27T14:20:34.690Z"}
{"level":"info","message":"New database client connected","service":"premier-erp","timestamp":"2025-09-27T14:20:34.765Z"}
{"level":"info","message":"Database client removed from pool","service":"premier-erp","timestamp":"2025-09-27T14:20:34.768Z"}
{"level":"info","message":"New database client connected","service":"premier-erp","timestamp":"2025-09-27T14:20:34.855Z"}
{"level":"info","message":"Database client removed from pool","service":"premier-erp","timestamp":"2025-09-27T14:20:34.858Z"}
{"level":"info","message":"New database client connected","service":"premier-erp","timestamp":"2025-09-27T14:20:34.969Z"}
{"level":"info","message":"Database client removed from pool","service":"premier-erp","timestamp":"2025-09-27T14:20:34.972Z"}
{"level":"info","message":"New database client connected","service":"premier-erp","timestamp":"2025-09-27T14:20:35.131Z"}
{"level":"info","message":"Database client removed from pool","service":"premier-erp","timestamp":"2025-09-27T14:20:35.136Z"}
{"level":"info","message":"New database client connected","service":"premier-erp","timestamp":"2025-09-27T14:20:35.244Z"}
{"level":"info","message":"Database client removed from pool","service":"premier-erp","timestamp":"2025-09-27T14:20:35.246Z"}
{"level":"info","message":"New database client connected","service":"premier-erp","timestamp":"2025-09-27T14:20:35.418Z"}
{"level":"info","message":"Database client removed from pool","service":"premier-erp","timestamp":"2025-09-27T14:20:35.420Z"}
{"level":"info","message":"New database client connected","service":"premier-erp","timestamp":"2025-09-27T14:20:35.503Z"}
{"level":"info","message":"Database client removed from pool","service":"premier-erp","timestamp":"2025-09-27T14:20:35.505Z"}
{"level":"info","message":"New database client connected","service":"premier-erp","timestamp":"2025-09-27T14:20:35.624Z"}
{"level":"info","message":"Database client removed from pool","service":"premier-erp","timestamp":"2025-09-27T14:20:35.630Z"}
{"level":"info","message":"New database client connected","service":"premier-erp","timestamp":"2025-09-27T14:20:35.734Z"}
{"level":"info","message":"Database client removed from pool","service":"premier-erp","timestamp":"2025-09-27T14:20:35.754Z"}
{"level":"info","message":"New database client connected","service":"premier-erp","timestamp":"2025-09-27T14:20:35.969Z"}
{"level":"info","message":"Database client removed from pool","service":"premier-erp","timestamp":"2025-09-27T14:20:35.971Z"}
{"level":"info","message":"New database client connected","service":"premier-erp","timestamp":"2025-09-27T14:20:36.033Z"}
{"level":"info","message":"Database client removed from pool","service":"premier-erp","timestamp":"2025-09-27T14:20:36.035Z"}
{"level":"info","message":"New database client connected","service":"premier-erp","timestamp":"2025-09-27T14:20:36.165Z"}
{"level":"info","message":"Database client removed from pool","service":"premier-erp","timestamp":"2025-09-27T14:20:36.170Z"}
{"level":"info","message":"New database client connected","service":"premier-erp","timestamp":"2025-09-27T14:20:36.386Z"}
{"level":"info","message":"Database client removed from pool","service":"premier-erp","timestamp":"2025-09-27T14:20:36.391Z"}
{"level":"info","message":"New database client connected","service":"premier-erp","timestamp":"2025-09-27T14:20:36.634Z"}
{"level":"info","message":"Database client removed from pool","service":"premier-erp","timestamp":"2025-09-27T14:20:36.673Z"}
{"level":"info","message":"New database client connected","service":"premier-erp","timestamp":"2025-09-27T14:20:37.023Z"}
{"level":"info","message":"Database client removed from pool","service":"premier-erp","timestamp":"2025-09-27T14:20:37.034Z"}
{"level":"info","message":"New database client connected","service":"premier-erp","timestamp":"2025-09-27T14:20:37.156Z"}
{"level":"info","message":"Database client removed from pool","service":"premier-erp","timestamp":"2025-09-27T14:20:37.205Z"}
{"level":"info","message":"New database client connected","service":"premier-erp","timestamp":"2025-09-27T14:20:37.329Z"}
{"level":"info","message":"Database client removed from pool","service":"premier-erp","timestamp":"2025-09-27T14:20:37.341Z"}
{"level":"info","message":"New database client connected","service":"premier-erp","timestamp":"2025-09-27T14:20:37.819Z"}
{"level":"info","message":"Database client removed from pool","service":"premier-erp","timestamp":"2025-09-27T14:20:37.834Z"}
{"level":"info","message":"New database client connected","service":"premier-erp","timestamp":"2025-09-27T14:20:38.053Z"}
{"level":"info","message":"Database client removed from pool","service":"premier-erp","timestamp":"2025-09-27T14:20:38.055Z"}
{"level":"info","message":"New database client connected","service":"premier-erp","timestamp":"2025-09-27T14:20:38.190Z"}
{"level":"info","message":"Database client removed from pool","service":"premier-erp","timestamp":"2025-09-27T14:20:38.204Z"}
{"level":"info","message":"New database client connected","service":"premier-erp","timestamp":"2025-09-27T14:20:38.337Z"}
{"level":"info","message":"Database client removed from pool","service":"premier-erp","timestamp":"2025-09-27T14:20:38.342Z"}
{"level":"info","message":"New database client connected","service":"premier-erp","timestamp":"2025-09-27T14:20:38.785Z"}
{"level":"info","message":"Database client removed from pool","service":"premier-erp","timestamp":"2025-09-27T14:20:38.799Z"}
{"level":"info","message":"New database client connected","service":"premier-erp","timestamp":"2025-09-27T14:20:38.938Z"}
{"level":"info","message":"Database client removed from pool","service":"premier-erp","timestamp":"2025-09-27T14:20:38.942Z"}
{"level":"info","message":"New database client connected","service":"premier-erp","timestamp":"2025-09-27T14:20:39.028Z"}
{"level":"info","message":"Database client removed from pool","service":"premier-erp","timestamp":"2025-09-27T14:20:39.035Z"}
{"level":"info","message":"New database client connected","service":"premier-erp","timestamp":"2025-09-27T14:20:39.352Z"}
{"level":"info","message":"Database client removed from pool","service":"premier-erp","timestamp":"2025-09-27T14:20:39.358Z"}
{"level":"info","message":"New database client connected","service":"premier-erp","timestamp":"2025-09-27T14:20:39.575Z"}
{"level":"info","message":"Database client removed from pool","service":"premier-erp","timestamp":"2025-09-27T14:20:39.577Z"}
{"level":"info","message":"New database client connected","service":"premier-erp","timestamp":"2025-09-27T14:20:39.715Z"}
{"level":"info","message":"Database client removed from pool","service":"premier-erp","timestamp":"2025-09-27T14:20:39.720Z"}
{"level":"info","message":"New database client connected","service":"premier-erp","timestamp":"2025-09-27T14:20:40.211Z"}
{"level":"info","message":"Database client removed from pool","service":"premier-erp","timestamp":"2025-09-27T14:20:40.220Z"}
{"level":"info","message":"New database client connected","service":"premier-erp","timestamp":"2025-09-27T14:20:40.605Z"}
{"level":"info","message":"Database client removed from pool","service":"premier-erp","timestamp":"2025-09-27T14:20:40.608Z"}
{"level":"info","message":"New database client connected","service":"premier-erp","timestamp":"2025-09-27T14:20:40.728Z"}
{"level":"info","message":"Database client removed from pool","service":"premier-erp","timestamp":"2025-09-27T14:20:40.732Z"}
{"level":"info","message":"New database client connected","service":"premier-erp","timestamp":"2025-09-27T14:20:40.999Z"}
{"level":"info","message":"Database client removed from pool","service":"premier-erp","timestamp":"2025-09-27T14:20:41.003Z"}
{"level":"info","message":"New database client connected","service":"premier-erp","timestamp":"2025-09-27T14:20:41.107Z"}
{"level":"info","message":"Database client removed from pool","service":"premier-erp","timestamp":"2025-09-27T14:20:41.110Z"}
{"level":"info","message":"New database client connected","service":"premier-erp","timestamp":"2025-09-27T14:20:42.404Z"}
{"level":"info","message":"Database client removed from pool","service":"premier-erp","timestamp":"2025-09-27T14:20:42.421Z"}
{"level":"info","message":"New database client connected","service":"premier-erp","timestamp":"2025-09-27T14:20:43.020Z"}
{"level":"info","message":"Database client removed from pool","service":"premier-erp","timestamp":"2025-09-27T14:20:43.031Z"}
{"level":"info","message":"New database client connected","service":"premier-erp","timestamp":"2025-09-27T14:20:43.308Z"}
{"level":"info","message":"Database client removed from pool","service":"premier-erp","timestamp":"2025-09-27T14:20:43.318Z"}
{"level":"info","message":"New database client connected","service":"premier-erp","timestamp":"2025-09-27T14:20:43.858Z"}
{"level":"info","message":"Database client removed from pool","service":"premier-erp","timestamp":"2025-09-27T14:20:43.872Z"}
{"level":"info","message":"New database client connected","service":"premier-erp","timestamp":"2025-09-27T14:20:44.407Z"}
{"level":"info","message":"Database client removed from pool","service":"premier-erp","timestamp":"2025-09-27T14:20:44.436Z"}
{"level":"info","message":"New database client connected","service":"premier-erp","timestamp":"2025-09-27T14:20:44.550Z"}
{"level":"info","message":"Database client removed from pool","service":"premier-erp","timestamp":"2025-09-27T14:20:44.558Z"}
{"level":"info","message":"New database client connected","service":"premier-erp","timestamp":"2025-09-27T14:20:44.683Z"}
{"level":"info","message":"Database client removed from pool","service":"premier-erp","timestamp":"2025-09-27T14:20:44.703Z"}
{"level":"info","message":"New database client connected","service":"premier-erp","timestamp":"2025-09-27T14:20:45.088Z"}
{"level":"info","message":"Database client removed from pool","service":"premier-erp","timestamp":"2025-09-27T14:20:45.098Z"}
{"level":"info","message":"New database client connected","service":"premier-erp","timestamp":"2025-09-27T14:20:45.434Z"}
{"level":"info","message":"Database client removed from pool","service":"premier-erp","timestamp":"2025-09-27T14:20:45.441Z"}
{"level":"info","message":"New database client connected","service":"premier-erp","timestamp":"2025-09-27T14:20:45.661Z"}
{"level":"info","message":"Database client removed from pool","service":"premier-erp","timestamp":"2025-09-27T14:20:45.684Z"}
{"level":"info","message":"New database client connected","service":"premier-erp","timestamp":"2025-09-27T14:20:46.920Z"}
{"level":"info","message":"Database client removed from pool","service":"premier-erp","timestamp":"2025-09-27T14:20:46.925Z"}
{"level":"info","message":"New database client connected","service":"premier-erp","timestamp":"2025-09-27T14:20:47.346Z"}
{"level":"info","message":"Database client removed from pool","service":"premier-erp","timestamp":"2025-09-27T14:20:47.349Z"}
{"level":"info","message":"New database client connected","service":"premier-erp","timestamp":"2025-09-27T14:20:47.718Z"}
{"level":"info","message":"Database client removed from pool","service":"premier-erp","timestamp":"2025-09-27T14:20:47.720Z"}
{"level":"info","message":"New database client connected","service":"premier-erp","timestamp":"2025-09-27T14:20:47.819Z"}
{"level":"info","message":"Database client removed from pool","service":"premier-erp","timestamp":"2025-09-27T14:20:47.825Z"}
{"level":"info","message":"New database client connected","service":"premier-erp","timestamp":"2025-09-27T14:20:47.982Z"}
{"level":"info","message":"Database client removed from pool","service":"premier-erp","timestamp":"2025-09-27T14:20:47.996Z"}
{"level":"info","message":"New database client connected","service":"premier-erp","timestamp":"2025-09-27T14:20:48.576Z"}
{"level":"info","message":"Database client removed from pool","service":"premier-erp","timestamp":"2025-09-27T14:20:48.587Z"}
{"level":"info","message":"New database client connected","service":"premier-erp","timestamp":"2025-09-27T14:20:48.799Z"}
{"level":"info","message":"Database client removed from pool","service":"premier-erp","timestamp":"2025-09-27T14:20:48.818Z"}
{"level":"info","message":"New database client connected","service":"premier-erp","timestamp":"2025-09-27T14:20:49.587Z"}
{"level":"info","message":"Database client removed from pool","service":"premier-erp","timestamp":"2025-09-27T14:20:49.595Z"}
{"level":"info","message":"New database client connected","service":"premier-erp","timestamp":"2025-09-27T14:20:49.924Z"}
{"level":"info","message":"Database client removed from pool","service":"premier-erp","timestamp":"2025-09-27T14:20:49.929Z"}
{"level":"info","message":"New database client connected","service":"premier-erp","timestamp":"2025-09-27T14:20:50.002Z"}
{"level":"info","message":"Database client removed from pool","service":"premier-erp","timestamp":"2025-09-27T14:20:50.014Z"}
{"level":"info","message":"New database client connected","service":"premier-erp","timestamp":"2025-09-27T14:20:50.744Z"}
{"level":"info","message":"Database client removed from pool","service":"premier-erp","timestamp":"2025-09-27T14:20:50.749Z"}
{"level":"info","message":"New database client connected","service":"premier-erp","timestamp":"2025-09-27T14:20:50.985Z"}
{"level":"info","message":"Database client removed from pool","service":"premier-erp","timestamp":"2025-09-27T14:20:50.989Z"}
{"level":"info","message":"New database client connected","service":"premier-erp","timestamp":"2025-09-27T14:20:51.115Z"}
{"level":"info","message":"Database client removed from pool","service":"premier-erp","timestamp":"2025-09-27T14:20:51.118Z"}
{"level":"info","message":"New database client connected","service":"premier-erp","timestamp":"2025-09-27T14:20:51.224Z"}
{"level":"info","message":"Database client removed from pool","service":"premier-erp","timestamp":"2025-09-27T14:20:51.229Z"}
{"level":"info","message":"New database client connected","service":"premier-erp","timestamp":"2025-09-27T14:20:51.365Z"}
{"level":"info","message":"Database client removed from pool","service":"premier-erp","timestamp":"2025-09-27T14:20:51.367Z"}
{"level":"info","message":"New database client connected","service":"premier-erp","timestamp":"2025-09-27T14:20:51.452Z"}
{"level":"info","message":"Database client removed from pool","service":"premier-erp","timestamp":"2025-09-27T14:20:51.454Z"}
{"level":"info","message":"New database client connected","service":"premier-erp","timestamp":"2025-09-27T14:20:51.550Z"}
{"level":"info","message":"Database client removed from pool","service":"premier-erp","timestamp":"2025-09-27T14:20:51.552Z"}
{"level":"info","message":"New database client connected","service":"premier-erp","timestamp":"2025-09-27T14:20:51.632Z"}
{"level":"info","message":"Database client removed from pool","service":"premier-erp","timestamp":"2025-09-27T14:20:51.635Z"}
{"level":"info","message":"New database client connected","service":"premier-erp","timestamp":"2025-09-27T14:20:51.711Z"}
{"level":"info","message":"Database client removed from pool","service":"premier-erp","timestamp":"2025-09-27T14:20:51.714Z"}
{"level":"info","message":"New database client connected","service":"premier-erp","timestamp":"2025-09-27T14:20:51.820Z"}
{"level":"info","message":"Database client removed from pool","service":"premier-erp","timestamp":"2025-09-27T14:20:51.822Z"}
{"level":"info","message":"New database client connected","service":"premier-erp","timestamp":"2025-09-27T14:20:51.939Z"}
{"level":"info","message":"Database client removed from pool","service":"premier-erp","timestamp":"2025-09-27T14:20:51.942Z"}
{"level":"info","message":"New database client connected","service":"premier-erp","timestamp":"2025-09-27T14:20:52.035Z"}
{"level":"info","message":"Database client removed from pool","service":"premier-erp","timestamp":"2025-09-27T14:20:52.040Z"}
{"level":"info","message":"New database client connected","service":"premier-erp","timestamp":"2025-09-27T14:20:52.128Z"}
{"level":"info","message":"Database client removed from pool","service":"premier-erp","timestamp":"2025-09-27T14:20:52.131Z"}
{"level":"info","message":"New database client connected","service":"premier-erp","timestamp":"2025-09-27T14:20:52.215Z"}
{"level":"info","message":"Database client removed from pool","service":"premier-erp","timestamp":"2025-09-27T14:20:52.217Z"}
{"level":"info","message":"New database client connected","service":"premier-erp","timestamp":"2025-09-27T14:20:52.300Z"}
{"level":"info","message":"Database client removed from pool","service":"premier-erp","timestamp":"2025-09-27T14:20:52.302Z"}
{"level":"info","message":"New database client connected","service":"premier-erp","timestamp":"2025-09-27T14:20:52.386Z"}
{"level":"info","message":"Database client removed from pool","service":"premier-erp","timestamp":"2025-09-27T14:20:52.389Z"}
{"level":"info","message":"New database client connected","service":"premier-erp","timestamp":"2025-09-27T14:20:52.471Z"}
{"level":"info","message":"Database client removed from pool","service":"premier-erp","timestamp":"2025-09-27T14:20:52.476Z"}
{"level":"info","message":"New database client connected","service":"premier-erp","timestamp":"2025-09-27T14:20:52.592Z"}
{"level":"info","message":"Database client removed from pool","service":"premier-erp","timestamp":"2025-09-27T14:20:52.595Z"}
{"level":"info","message":"New database client connected","service":"premier-erp","timestamp":"2025-09-27T14:20:52.679Z"}
{"level":"info","message":"Database client removed from pool","service":"premier-erp","timestamp":"2025-09-27T14:20:52.682Z"}
{"level":"info","message":"New database client connected","service":"premier-erp","timestamp":"2025-09-27T14:20:52.809Z"}
{"level":"info","message":"Database client removed from pool","service":"premier-erp","timestamp":"2025-09-27T14:20:52.812Z"}
{"level":"info","message":"New database client connected","service":"premier-erp","timestamp":"2025-09-27T14:20:52.908Z"}
{"level":"info","message":"Database client removed from pool","service":"premier-erp","timestamp":"2025-09-27T14:20:52.929Z"}
{"level":"info","message":"New database client connected","service":"premier-erp","timestamp":"2025-09-27T14:20:53.133Z"}
{"level":"info","message":"Database client removed from pool","service":"premier-erp","timestamp":"2025-09-27T14:20:53.156Z"}
{"level":"info","message":"New database client connected","service":"premier-erp","timestamp":"2025-09-27T14:20:54.230Z"}
{"level":"info","message":"Database client removed from pool","service":"premier-erp","timestamp":"2025-09-27T14:20:54.235Z"}
{"level":"info","message":"New database client connected","service":"premier-erp","timestamp":"2025-09-27T14:20:56.179Z"}
{"level":"info","message":"Database client removed from pool","service":"premier-erp","timestamp":"2025-09-27T14:20:56.195Z"}
{"level":"info","message":"New database client connected","service":"premier-erp","timestamp":"2025-09-27T14:20:57.253Z"}
{"level":"info","message":"Database client removed from pool","service":"premier-erp","timestamp":"2025-09-27T14:20:57.259Z"}
{"level":"info","message":"New database client connected","service":"premier-erp","timestamp":"2025-09-27T14:20:58.448Z"}
{"level":"info","message":"Database client removed from pool","service":"premier-erp","timestamp":"2025-09-27T14:20:58.459Z"}
{"level":"info","message":"New database client connected","service":"premier-erp","timestamp":"2025-09-27T14:21:00.121Z"}
{"level":"info","message":"Database client removed from pool","service":"premier-erp","timestamp":"2025-09-27T14:21:00.126Z"}
{"level":"info","message":"New database client connected","service":"premier-erp","timestamp":"2025-09-27T14:21:00.526Z"}
{"level":"info","message":"Database client removed from pool","service":"premier-erp","timestamp":"2025-09-27T14:21:00.529Z"}
{"level":"info","message":"New database client connected","service":"premier-erp","timestamp":"2025-09-27T14:21:00.938Z"}
{"level":"info","message":"Database client removed from pool","service":"premier-erp","timestamp":"2025-09-27T14:21:00.941Z"}
{"level":"info","message":"New database client connected","service":"premier-erp","timestamp":"2025-09-27T14:21:01.265Z"}
{"level":"info","message":"Database client removed from pool","service":"premier-erp","timestamp":"2025-09-27T14:21:01.267Z"}
{"level":"info","message":"New database client connected","service":"premier-erp","timestamp":"2025-09-27T14:21:01.850Z"}
{"level":"info","message":"Database client removed from pool","service":"premier-erp","timestamp":"2025-09-27T14:21:01.861Z"}
{"level":"info","message":"New database client connected","service":"premier-erp","timestamp":"2025-09-27T14:21:02.436Z"}
{"level":"info","message":"Database client removed from pool","service":"premier-erp","timestamp":"2025-09-27T14:21:02.445Z"}
{"level":"info","message":"New database client connected","service":"premier-erp","timestamp":"2025-09-27T14:21:05.548Z"}
{"level":"info","message":"Database client removed from pool","service":"premier-erp","timestamp":"2025-09-27T14:21:05.552Z"}
{"level":"info","message":"New database client connected","service":"premier-erp","timestamp":"2025-09-27T14:21:07.459Z"}
{"level":"info","message":"Database client removed from pool","service":"premier-erp","timestamp":"2025-09-27T14:21:07.493Z"}
{"level":"info","message":"New database client connected","service":"premier-erp","timestamp":"2025-09-27T14:21:09.595Z"}
{"level":"info","message":"Database client removed from pool","service":"premier-erp","timestamp":"2025-09-27T14:21:09.611Z"}
{"level":"info","message":"New database client connected","service":"premier-erp","timestamp":"2025-09-27T14:21:13.830Z"}
{"level":"info","message":"Database client removed from pool","service":"premier-erp","timestamp":"2025-09-27T14:21:13.900Z"}
{"level":"info","message":"New database client connected","service":"premier-erp","timestamp":"2025-09-27T14:21:15.980Z"}
{"level":"info","message":"Database client removed from pool","service":"premier-erp","timestamp":"2025-09-27T14:21:16.004Z"}
{"level":"info","message":"New database client connected","service":"premier-erp","timestamp":"2025-09-27T14:21:19.890Z"}
{"level":"info","message":"Database client removed from pool","service":"premier-erp","timestamp":"2025-09-27T14:21:19.919Z"}
{"level":"info","message":"New database client connected","service":"premier-erp","timestamp":"2025-09-27T14:21:22.770Z"}
{"level":"info","message":"Database client removed from pool","service":"premier-erp","timestamp":"2025-09-27T14:21:22.813Z"}
{"level":"info","message":"New database client connected","service":"premier-erp","timestamp":"2025-09-27T14:21:24.796Z"}
{"level":"info","message":"Database client removed from pool","service":"premier-erp","timestamp":"2025-09-27T14:21:24.807Z"}
{"level":"info","message":"New database client connected","service":"premier-erp","timestamp":"2025-09-27T14:21:27.535Z"}
{"level":"info","message":"Database client removed from pool","service":"premier-erp","timestamp":"2025-09-27T14:21:27.550Z"}
{"level":"info","message":"New database client connected","service":"premier-erp","timestamp":"2025-09-27T14:21:29.566Z"}
{"level":"info","message":"Database client removed from pool","service":"premier-erp","timestamp":"2025-09-27T14:21:29.578Z"}
{"level":"info","message":"New database client connected","service":"premier-erp","timestamp":"2025-09-27T14:21:32.250Z"}
{"level":"info","message":"Database client removed from pool","service":"premier-erp","timestamp":"2025-09-27T14:21:32.258Z"}
{"level":"info","message":"New database client connected","service":"premier-erp","timestamp":"2025-09-27T14:21:35.771Z"}
{"level":"info","message":"Database client removed from pool","service":"premier-erp","timestamp":"2025-09-27T14:21:35.776Z"}
{"level":"info","message":"New database client connected","service":"premier-erp","timestamp":"2025-09-27T14:21:37.594Z"}
{"level":"info","message":"Database client removed from pool","service":"premier-erp","timestamp":"2025-09-27T14:21:37.621Z"}
{"level":"info","message":"New database client connected","service":"premier-erp","timestamp":"2025-09-27T14:21:39.193Z"}
{"level":"info","message":"Database client removed from pool","service":"premier-erp","timestamp":"2025-09-27T14:21:39.206Z"}
{"level":"info","message":"New database client connected","service":"premier-erp","timestamp":"2025-09-27T14:21:40.812Z"}
{"level":"info","message":"Database client removed from pool","service":"premier-erp","timestamp":"2025-09-27T14:21:40.828Z"}
{"level":"info","message":"New database client connected","service":"premier-erp","timestamp":"2025-09-27T14:21:42.805Z"}
{"level":"info","message":"Database client removed from pool","service":"premier-erp","timestamp":"2025-09-27T14:21:42.810Z"}
{"level":"info","message":"New database client connected","service":"premier-erp","timestamp":"2025-09-27T14:21:43.183Z"}
{"level":"info","message":"Database client removed from pool","service":"premier-erp","timestamp":"2025-09-27T14:21:43.205Z"}
{"level":"info","message":"New database client connected","service":"premier-erp","timestamp":"2025-09-27T14:21:43.317Z"}
{"level":"info","message":"Database client removed from pool","service":"premier-erp","timestamp":"2025-09-27T14:21:43.345Z"}
{"level":"info","message":"New database client connected","service":"premier-erp","timestamp":"2025-09-27T14:21:43.474Z"}
{"level":"info","message":"Database client removed from pool","service":"premier-erp","timestamp":"2025-09-27T14:21:43.494Z"}
{"level":"info","message":"New database client connected","service":"premier-erp","timestamp":"2025-09-27T14:21:43.675Z"}
{"level":"info","message":"Database client removed from pool","service":"premier-erp","timestamp":"2025-09-27T14:21:43.681Z"}
{"level":"info","message":"New database client connected","service":"premier-erp","timestamp":"2025-09-27T14:21:43.788Z"}
{"level":"info","message":"Database client removed from pool","service":"premier-erp","timestamp":"2025-09-27T14:21:43.790Z"}
{"level":"info","message":"New database client connected","service":"premier-erp","timestamp":"2025-09-27T14:21:44.089Z"}
{"level":"info","message":"Database client removed from pool","service":"premier-erp","timestamp":"2025-09-27T14:21:44.092Z"}
{"level":"info","message":"New database client connected","service":"premier-erp","timestamp":"2025-09-27T14:21:44.320Z"}
{"level":"info","message":"Database client removed from pool","service":"premier-erp","timestamp":"2025-09-27T14:21:44.339Z"}
{"level":"info","message":"New database client connected","service":"premier-erp","timestamp":"2025-09-27T14:21:44.440Z"}
{"level":"info","message":"Database client removed from pool","service":"premier-erp","timestamp":"2025-09-27T14:21:44.464Z"}
{"level":"info","message":"New database client connected","service":"premier-erp","timestamp":"2025-09-27T14:21:44.585Z"}
{"level":"info","message":"Database client removed from pool","service":"premier-erp","timestamp":"2025-09-27T14:21:44.592Z"}
{"level":"info","message":"New database client connected","service":"premier-erp","timestamp":"2025-09-27T14:21:44.663Z"}
{"level":"info","message":"Database client removed from pool","service":"premier-erp","timestamp":"2025-09-27T14:21:44.666Z"}
{"level":"info","message":"New database client connected","service":"premier-erp","timestamp":"2025-09-27T14:21:44.752Z"}
{"level":"info","message":"Database client removed from pool","service":"premier-erp","timestamp":"2025-09-27T14:21:44.762Z"}
{"level":"info","message":"New database client connected","service":"premier-erp","timestamp":"2025-09-27T14:21:44.975Z"}
{"level":"info","message":"Database client removed from pool","service":"premier-erp","timestamp":"2025-09-27T14:21:44.995Z"}
{"level":"info","message":"New database client connected","service":"premier-erp","timestamp":"2025-09-27T14:21:45.260Z"}
{"level":"info","message":"Database client removed from pool","service":"premier-erp","timestamp":"2025-09-27T14:21:45.263Z"}
{"level":"info","message":"New database client connected","service":"premier-erp","timestamp":"2025-09-27T14:21:45.371Z"}
{"level":"info","message":"Database client removed from pool","service":"premier-erp","timestamp":"2025-09-27T14:21:45.396Z"}
{"level":"info","message":"New database client connected","service":"premier-erp","timestamp":"2025-09-27T14:21:45.541Z"}
{"level":"info","message":"Database client removed from pool","service":"premier-erp","timestamp":"2025-09-27T14:21:45.543Z"}
{"level":"info","message":"New database client connected","service":"premier-erp","timestamp":"2025-09-27T14:21:45.618Z"}
{"level":"info","message":"Database client removed from pool","service":"premier-erp","timestamp":"2025-09-27T14:21:45.621Z"}
{"level":"info","message":"New database client connected","service":"premier-erp","timestamp":"2025-09-27T14:21:45.747Z"}
{"level":"info","message":"Database client removed from pool","service":"premier-erp","timestamp":"2025-09-27T14:21:45.762Z"}
{"level":"info","message":"New database client connected","service":"premier-erp","timestamp":"2025-09-27T14:21:45.872Z"}
{"level":"info","message":"Database client removed from pool","service":"premier-erp","timestamp":"2025-09-27T14:21:45.876Z"}
{"level":"info","message":"New database client connected","service":"premier-erp","timestamp":"2025-09-27T14:21:46.088Z"}
{"level":"info","message":"Database client removed from pool","service":"premier-erp","timestamp":"2025-09-27T14:21:46.096Z"}
{"level":"info","message":"New database client connected","service":"premier-erp","timestamp":"2025-09-27T14:21:46.225Z"}
{"level":"info","message":"Database client removed from pool","service":"premier-erp","timestamp":"2025-09-27T14:21:46.229Z"}
{"level":"info","message":"New database client connected","service":"premier-erp","timestamp":"2025-09-27T14:21:47.259Z"}
{"level":"info","message":"Database client removed from pool","service":"premier-erp","timestamp":"2025-09-27T14:21:47.272Z"}
{"level":"info","message":"New database client connected","service":"premier-erp","timestamp":"2025-09-27T14:21:47.504Z"}
{"level":"info","message":"Database client removed from pool","service":"premier-erp","timestamp":"2025-09-27T14:21:47.513Z"}
{"level":"info","message":"New database client connected","service":"premier-erp","timestamp":"2025-09-27T14:21:47.723Z"}
{"level":"info","message":"Database client removed from pool","service":"premier-erp","timestamp":"2025-09-27T14:21:47.743Z"}
{"level":"info","message":"New database client connected","service":"premier-erp","timestamp":"2025-09-27T14:21:47.938Z"}
{"level":"info","message":"Database client removed from pool","service":"premier-erp","timestamp":"2025-09-27T14:21:47.946Z"}
{"level":"info","message":"New database client connected","service":"premier-erp","timestamp":"2025-09-27T14:21:48.158Z"}
{"level":"info","message":"Database client removed from pool","service":"premier-erp","timestamp":"2025-09-27T14:21:48.163Z"}
{"level":"info","message":"New database client connected","service":"premier-erp","timestamp":"2025-09-27T14:21:48.361Z"}
{"level":"info","message":"Database client removed from pool","service":"premier-erp","timestamp":"2025-09-27T14:21:48.364Z"}
{"level":"info","message":"New database client connected","service":"premier-erp","timestamp":"2025-09-27T14:21:48.460Z"}
{"level":"info","message":"Database client removed from pool","service":"premier-erp","timestamp":"2025-09-27T14:21:48.466Z"}
{"level":"info","message":"New database client connected","service":"premier-erp","timestamp":"2025-09-27T14:21:48.581Z"}
{"level":"info","message":"Database client removed from pool","service":"premier-erp","timestamp":"2025-09-27T14:21:48.586Z"}
{"level":"info","message":"New database client connected","service":"premier-erp","timestamp":"2025-09-27T14:21:48.812Z"}
{"level":"info","message":"Database client removed from pool","service":"premier-erp","timestamp":"2025-09-27T14:21:48.815Z"}
{"level":"info","message":"New database client connected","service":"premier-erp","timestamp":"2025-09-27T14:21:49.004Z"}
{"level":"info","message":"Database client removed from pool","service":"premier-erp","timestamp":"2025-09-27T14:21:49.011Z"}
{"level":"info","message":"New database client connected","service":"premier-erp","timestamp":"2025-09-27T14:21:49.571Z"}
{"level":"info","message":"Database client removed from pool","service":"premier-erp","timestamp":"2025-09-27T14:21:49.573Z"}
{"level":"info","message":"New database client connected","service":"premier-erp","timestamp":"2025-09-27T14:21:49.704Z"}
{"level":"info","message":"Database client removed from pool","service":"premier-erp","timestamp":"2025-09-27T14:21:49.715Z"}
{"level":"info","message":"New database client connected","service":"premier-erp","timestamp":"2025-09-27T14:21:49.837Z"}
{"level":"info","message":"Database client removed from pool","service":"premier-erp","timestamp":"2025-09-27T14:21:49.840Z"}
{"level":"info","message":"New database client connected","service":"premier-erp","timestamp":"2025-09-27T14:21:49.943Z"}
{"level":"info","message":"Database client removed from pool","service":"premier-erp","timestamp":"2025-09-27T14:21:49.950Z"}
{"level":"info","message":"New database client connected","service":"premier-erp","timestamp":"2025-09-27T14:21:50.147Z"}
{"level":"info","message":"Database client removed from pool","service":"premier-erp","timestamp":"2025-09-27T14:21:50.152Z"}
{"level":"info","message":"New database client connected","service":"premier-erp","timestamp":"2025-09-27T14:21:50.275Z"}
{"level":"info","message":"Database client removed from pool","service":"premier-erp","timestamp":"2025-09-27T14:21:50.279Z"}
{"level":"info","message":"New database client connected","service":"premier-erp","timestamp":"2025-09-27T14:21:50.371Z"}
{"level":"info","message":"Database client removed from pool","service":"premier-erp","timestamp":"2025-09-27T14:21:50.377Z"}
{"level":"info","message":"New database client connected","service":"premier-erp","timestamp":"2025-09-27T14:21:50.646Z"}
{"level":"info","message":"Database client removed from pool","service":"premier-erp","timestamp":"2025-09-27T14:21:50.651Z"}
{"level":"info","message":"New database client connected","service":"premier-erp","timestamp":"2025-09-27T14:21:50.762Z"}
{"level":"info","message":"Database client removed from pool","service":"premier-erp","timestamp":"2025-09-27T14:21:50.764Z"}
{"level":"info","message":"New database client connected","service":"premier-erp","timestamp":"2025-09-27T14:21:50.843Z"}
{"level":"info","message":"Database client removed from pool","service":"premier-erp","timestamp":"2025-09-27T14:21:50.845Z"}
{"level":"info","message":"New database client connected","service":"premier-erp","timestamp":"2025-09-27T14:21:50.928Z"}
{"level":"info","message":"Database client removed from pool","service":"premier-erp","timestamp":"2025-09-27T14:21:50.930Z"}
{"level":"info","message":"New database client connected","service":"premier-erp","timestamp":"2025-09-27T14:21:51.010Z"}
{"level":"info","message":"Database client removed from pool","service":"premier-erp","timestamp":"2025-09-27T14:21:51.014Z"}
{"level":"info","message":"New database client connected","service":"premier-erp","timestamp":"2025-09-27T14:21:51.107Z"}
{"level":"info","message":"Database client removed from pool","service":"premier-erp","timestamp":"2025-09-27T14:21:51.112Z"}
{"level":"info","message":"New database client connected","service":"premier-erp","timestamp":"2025-09-27T14:21:51.318Z"}
{"level":"info","message":"Database client removed from pool","service":"premier-erp","timestamp":"2025-09-27T14:21:51.320Z"}
{"level":"info","message":"New database client connected","service":"premier-erp","timestamp":"2025-09-27T14:21:51.410Z"}
{"level":"info","message":"Database client removed from pool","service":"premier-erp","timestamp":"2025-09-27T14:21:51.415Z"}
{"level":"info","message":"New database client connected","service":"premier-erp","timestamp":"2025-09-27T14:21:51.495Z"}
{"level":"info","message":"Database client removed from pool","service":"premier-erp","timestamp":"2025-09-27T14:21:51.500Z"}
{"level":"info","message":"New database client connected","service":"premier-erp","timestamp":"2025-09-27T14:21:51.568Z"}
{"level":"info","message":"Database client removed from pool","service":"premier-erp","timestamp":"2025-09-27T14:21:51.570Z"}
{"level":"info","message":"New database client connected","service":"premier-erp","timestamp":"2025-09-27T14:21:51.635Z"}
{"level":"info","message":"Database client removed from pool","service":"premier-erp","timestamp":"2025-09-27T14:21:51.638Z"}
{"level":"info","message":"New database client connected","service":"premier-erp","timestamp":"2025-09-27T14:21:51.724Z"}
{"level":"info","message":"Database client removed from pool","service":"premier-erp","timestamp":"2025-09-27T14:21:51.727Z"}
{"level":"info","message":"New database client connected","service":"premier-erp","timestamp":"2025-09-27T14:21:51.825Z"}
{"level":"info","message":"Database client removed from pool","service":"premier-erp","timestamp":"2025-09-27T14:21:51.828Z"}
{"level":"info","message":"New database client connected","service":"premier-erp","timestamp":"2025-09-27T14:21:51.905Z"}
{"level":"info","message":"Database client removed from pool","service":"premier-erp","timestamp":"2025-09-27T14:21:51.908Z"}
{"level":"info","message":"New database client connected","service":"premier-erp","timestamp":"2025-09-27T14:21:51.981Z"}
{"level":"info","message":"Database client removed from pool","service":"premier-erp","timestamp":"2025-09-27T14:21:51.983Z"}
{"level":"info","message":"New database client connected","service":"premier-erp","timestamp":"2025-09-27T14:21:52.062Z"}
{"level":"info","message":"Database client removed from pool","service":"premier-erp","timestamp":"2025-09-27T14:21:52.066Z"}
{"level":"info","message":"New database client connected","service":"premier-erp","timestamp":"2025-09-27T14:21:52.220Z"}
{"level":"info","message":"Database client removed from pool","service":"premier-erp","timestamp":"2025-09-27T14:21:52.221Z"}
{"level":"info","message":"New database client connected","service":"premier-erp","timestamp":"2025-09-27T14:21:52.278Z"}
{"level":"info","message":"Database client removed from pool","service":"premier-erp","timestamp":"2025-09-27T14:21:52.280Z"}
{"level":"info","message":"New database client connected","service":"premier-erp","timestamp":"2025-09-27T14:21:52.346Z"}
{"level":"info","message":"Database client removed from pool","service":"premier-erp","timestamp":"2025-09-27T14:21:52.349Z"}
{"level":"info","message":"New database client connected","service":"premier-erp","timestamp":"2025-09-27T14:21:52.423Z"}
{"level":"info","message":"Database client removed from pool","service":"premier-erp","timestamp":"2025-09-27T14:21:52.425Z"}
{"level":"info","message":"New database client connected","service":"premier-erp","timestamp":"2025-09-27T14:21:52.498Z"}
{"level":"info","message":"Database client removed from pool","service":"premier-erp","timestamp":"2025-09-27T14:21:52.500Z"}
{"level":"info","message":"New database client connected","service":"premier-erp","timestamp":"2025-09-27T14:21:52.577Z"}
{"level":"info","message":"Database client removed from pool","service":"premier-erp","timestamp":"2025-09-27T14:21:52.579Z"}
{"level":"info","message":"New database client connected","service":"premier-erp","timestamp":"2025-09-27T14:21:52.740Z"}
{"level":"info","message":"Database client removed from pool","service":"premier-erp","timestamp":"2025-09-27T14:21:52.743Z"}
{"level":"info","message":"New database client connected","service":"premier-erp","timestamp":"2025-09-27T14:21:52.805Z"}
{"level":"info","message":"Database client removed from pool","service":"premier-erp","timestamp":"2025-09-27T14:21:52.808Z"}
{"level":"info","message":"New database client connected","service":"premier-erp","timestamp":"2025-09-27T14:21:52.888Z"}
{"level":"info","message":"Database client removed from pool","service":"premier-erp","timestamp":"2025-09-27T14:21:52.890Z"}
{"level":"info","message":"New database client connected","service":"premier-erp","timestamp":"2025-09-27T14:21:52.959Z"}
{"level":"info","message":"Database client removed from pool","service":"premier-erp","timestamp":"2025-09-27T14:21:52.961Z"}
{"level":"info","message":"New database client connected","service":"premier-erp","timestamp":"2025-09-27T14:21:53.033Z"}
{"level":"info","message":"Database client removed from pool","service":"premier-erp","timestamp":"2025-09-27T14:21:53.036Z"}
{"level":"info","message":"New database client connected","service":"premier-erp","timestamp":"2025-09-27T14:21:53.105Z"}
{"level":"info","message":"Database client removed from pool","service":"premier-erp","timestamp":"2025-09-27T14:21:53.107Z"}
{"level":"info","message":"New database client connected","service":"premier-erp","timestamp":"2025-09-27T14:21:53.191Z"}
{"level":"info","message":"Database client removed from pool","service":"premier-erp","timestamp":"2025-09-27T14:21:53.193Z"}
{"level":"info","message":"New database client connected","service":"premier-erp","timestamp":"2025-09-27T14:21:53.267Z"}
{"level":"info","message":"Database client removed from pool","service":"premier-erp","timestamp":"2025-09-27T14:21:53.270Z"}
{"level":"info","message":"New database client connected","service":"premier-erp","timestamp":"2025-09-27T14:21:53.349Z"}
{"level":"info","message":"Database client removed from pool","service":"premier-erp","timestamp":"2025-09-27T14:21:53.351Z"}
{"level":"info","message":"New database client connected","service":"premier-erp","timestamp":"2025-09-27T14:21:53.417Z"}
{"level":"info","message":"Database client removed from pool","service":"premier-erp","timestamp":"2025-09-27T14:21:53.420Z"}
{"level":"info","message":"New database client connected","service":"premier-erp","timestamp":"2025-09-27T14:21:53.485Z"}
{"level":"info","message":"Database client removed from pool","service":"premier-erp","timestamp":"2025-09-27T14:21:53.488Z"}
{"level":"info","message":"New database client connected","service":"premier-erp","timestamp":"2025-09-27T14:21:53.566Z"}
{"level":"info","message":"Database client removed from pool","service":"premier-erp","timestamp":"2025-09-27T14:21:53.570Z"}
{"level":"info","message":"New database client connected","service":"premier-erp","timestamp":"2025-09-27T14:21:53.751Z"}
{"level":"info","message":"Database client removed from pool","service":"premier-erp","timestamp":"2025-09-27T14:21:53.753Z"}
{"level":"info","message":"New database client connected","service":"premier-erp","timestamp":"2025-09-27T14:21:53.850Z"}
{"level":"info","message":"Database client removed from pool","service":"premier-erp","timestamp":"2025-09-27T14:21:53.852Z"}
{"level":"info","message":"New database client connected","service":"premier-erp","timestamp":"2025-09-27T14:21:53.974Z"}
{"level":"info","message":"Database client removed from pool","service":"premier-erp","timestamp":"2025-09-27T14:21:53.976Z"}
{"level":"info","message":"New database client connected","service":"premier-erp","timestamp":"2025-09-27T14:21:54.094Z"}
{"level":"info","message":"Database client removed from pool","service":"premier-erp","timestamp":"2025-09-27T14:21:54.098Z"}
{"level":"info","message":"New database client connected","service":"premier-erp","timestamp":"2025-09-27T14:21:54.373Z"}
{"level":"info","message":"Database client removed from pool","service":"premier-erp","timestamp":"2025-09-27T14:21:54.375Z"}
{"level":"info","message":"New database client connected","service":"premier-erp","timestamp":"2025-09-27T14:21:54.519Z"}
{"level":"info","message":"Database client removed from pool","service":"premier-erp","timestamp":"2025-09-27T14:21:54.522Z"}
{"level":"info","message":"New database client connected","service":"premier-erp","timestamp":"2025-09-27T14:21:54.673Z"}
{"level":"info","message":"Database client removed from pool","service":"premier-erp","timestamp":"2025-09-27T14:21:54.675Z"}
{"level":"info","message":"New database client connected","service":"premier-erp","timestamp":"2025-09-27T14:21:54.861Z"}
{"level":"info","message":"Database client removed from pool","service":"premier-erp","timestamp":"2025-09-27T14:21:54.863Z"}
{"level":"info","message":"New database client connected","service":"premier-erp","timestamp":"2025-09-27T14:21:54.918Z"}
{"level":"info","message":"Database client removed from pool","service":"premier-erp","timestamp":"2025-09-27T14:21:54.920Z"}
{"level":"info","message":"New database client connected","service":"premier-erp","timestamp":"2025-09-27T14:21:54.984Z"}
{"level":"info","message":"Database client removed from pool","service":"premier-erp","timestamp":"2025-09-27T14:21:54.988Z"}
{"level":"info","message":"New database client connected","service":"premier-erp","timestamp":"2025-09-27T14:21:55.067Z"}
{"level":"info","message":"Database client removed from pool","service":"premier-erp","timestamp":"2025-09-27T14:21:55.073Z"}
{"level":"info","message":"Starting memory cleanup...","service":"premier-erp","timestamp":"2025-09-27T14:25:05.054Z"}
{"level":"info","message":"Database pool before cleanup: Total=0, Idle=0","service":"premier-erp","timestamp":"2025-09-27T14:25:05.268Z"}
{"level":"info","message":"Database connections cleaned up","service":"premier-erp","timestamp":"2025-09-27T14:25:05.333Z"}
{"after":{"process":{"arrayBuffers":9,"external":21,"heapTotal":111,"heapUsed":101,"rss":185},"system":{"freeMB":395,"totalMB":8067,"usagePercent":95,"usedMB":7671}},"before":{"process":{"arrayBuffers":9,"external":21,"heapTotal":111,"heapUsed":101,"rss":185},"system":{"freeMB":444,"totalMB":8067,"usagePercent":94,"usedMB":7622}},"level":"info","message":"Memory cleanup completed","saved":{"heapMB":0,"systemMB":-49},"service":"premier-erp","timestamp":"2025-09-27T14:25:07.028Z"}
{"level":"info","message":"Received SIGINT. Starting graceful shutdown...","service":"premier-erp","timestamp":"2025-09-27T14:26:05.114Z"}
{"level":"info","message":"New database client connected","service":"premier-erp","timestamp":"2025-09-27T14:33:21.212Z"}
{"level":"info","message":"✅ Database connection established successfully","service":"premier-erp","timestamp":"2025-09-27T14:33:21.218Z"}
{"level":"info","message":"✅ All API routes registered successfully","service":"premier-erp","timestamp":"2025-09-27T14:33:23.843Z"}
{"level":"info","message":"✅ Port 5000 is available","service":"premier-erp","timestamp":"2025-09-27T14:33:23.848Z"}
{"level":"info","message":"🚀 Premier ERP System running on port 5000","service":"premier-erp","timestamp":"2025-09-27T14:33:23.851Z"}
{"level":"info","message":"📊 Environment: development","service":"premier-erp","timestamp":"2025-09-27T14:33:23.854Z"}
{"level":"info","message":"📋 Health check: http://localhost:5000/api/health","service":"premier-erp","timestamp":"2025-09-27T14:33:23.856Z"}
{"level":"info","message":"Periodic memory cleanup scheduled every 5 minutes","service":"premier-erp","timestamp":"2025-09-27T14:33:23.858Z"}
{"level":"info","message":"🌐 Frontend: http://localhost:5000/","service":"premier-erp","timestamp":"2025-09-27T14:33:23.972Z"}
{"level":"info","message":"🌐 API Base: http://localhost:5000/api/","service":"premier-erp","timestamp":"2025-09-27T14:33:23.973Z"}
{"duration":"128ms","ip":"127.0.0.1","level":"info","method":"GET","service":"premier-erp","statusCode":200,"timestamp":"2025-09-27T14:34:41.205Z","url":"/","userAgent":"Mozilla/5.0 (Windows NT 10.0; Win64; x64) AppleWebKit/537.36 (KHTML, like Gecko) Chrome/140.0.0.0 Safari/537.36 Edg/140.0.0.0"}
{"duration":"32ms","ip":"127.0.0.1","level":"info","method":"GET","service":"premier-erp","statusCode":200,"timestamp":"2025-09-27T14:34:43.803Z","url":"/","userAgent":"Mozilla/5.0 (Windows NT 10.0; Win64; x64) AppleWebKit/537.36 (KHTML, like Gecko) Chrome/140.0.0.0 Safari/537.36 Edg/140.0.0.0"}
{"duration":"138ms","ip":"127.0.0.1","level":"info","method":"GET","service":"premier-erp","statusCode":200,"timestamp":"2025-09-27T14:34:56.569Z","url":"/src/main.tsx?v=b3JP6zBux1lM2SbdKq8fA","userAgent":"Mozilla/5.0 (Windows NT 10.0; Win64; x64) AppleWebKit/537.36 (KHTML, like Gecko) Chrome/140.0.0.0 Safari/537.36 Edg/140.0.0.0"}
{"duration":"153ms","ip":"127.0.0.1","level":"info","method":"GET","service":"premier-erp","statusCode":200,"timestamp":"2025-09-27T14:34:56.587Z","url":"/@react-refresh","userAgent":"Mozilla/5.0 (Windows NT 10.0; Win64; x64) AppleWebKit/537.36 (KHTML, like Gecko) Chrome/140.0.0.0 Safari/537.36 Edg/140.0.0.0"}
{"duration":"325ms","ip":"127.0.0.1","level":"info","method":"GET","service":"premier-erp","statusCode":200,"timestamp":"2025-09-27T14:34:56.758Z","url":"/@vite/client","userAgent":"Mozilla/5.0 (Windows NT 10.0; Win64; x64) AppleWebKit/537.36 (KHTML, like Gecko) Chrome/140.0.0.0 Safari/537.36 Edg/140.0.0.0"}
{"duration":"5ms","ip":"127.0.0.1","level":"info","method":"GET","service":"premier-erp","statusCode":200,"timestamp":"2025-09-27T14:34:56.768Z","url":"/src/App.tsx?v=b3JP6zBux1lM2SbdKq8fA","userAgent":"Mozilla/5.0 (Windows NT 10.0; Win64; x64) AppleWebKit/537.36 (KHTML, like Gecko) Chrome/140.0.0.0 Safari/537.36 Edg/140.0.0.0"}
{"duration":"9ms","ip":"127.0.0.1","level":"info","method":"GET","service":"premier-erp","statusCode":200,"timestamp":"2025-09-27T14:34:56.779Z","url":"/src/index.css?v=b3JP6zBux1lM2SbdKq8fA","userAgent":"Mozilla/5.0 (Windows NT 10.0; Win64; x64) AppleWebKit/537.36 (KHTML, like Gecko) Chrome/140.0.0.0 Safari/537.36 Edg/140.0.0.0"}
{"duration":"15ms","ip":"127.0.0.1","level":"info","method":"GET","service":"premier-erp","statusCode":200,"timestamp":"2025-09-27T14:34:57.747Z","url":"/src/components/ui/toaster.tsx","userAgent":"Mozilla/5.0 (Windows NT 10.0; Win64; x64) AppleWebKit/537.36 (KHTML, like Gecko) Chrome/140.0.0.0 Safari/537.36 Edg/140.0.0.0"}
{"duration":"27ms","ip":"127.0.0.1","level":"info","method":"GET","service":"premier-erp","statusCode":200,"timestamp":"2025-09-27T14:34:57.763Z","url":"/src/components/ui/tooltip.tsx","userAgent":"Mozilla/5.0 (Windows NT 10.0; Win64; x64) AppleWebKit/537.36 (KHTML, like Gecko) Chrome/140.0.0.0 Safari/537.36 Edg/140.0.0.0"}
{"duration":"40ms","ip":"127.0.0.1","level":"info","method":"GET","service":"premier-erp","statusCode":200,"timestamp":"2025-09-27T14:34:57.769Z","url":"/src/lib/queryClient.ts?v=b3JP6zBux1lM2SbdKq8fA","userAgent":"Mozilla/5.0 (Windows NT 10.0; Win64; x64) AppleWebKit/537.36 (KHTML, like Gecko) Chrome/140.0.0.0 Safari/537.36 Edg/140.0.0.0"}
{"duration":"5ms","ip":"127.0.0.1","level":"info","method":"GET","service":"premier-erp","statusCode":200,"timestamp":"2025-09-27T14:34:57.783Z","url":"/@fs/C:/Users/hooda/OneDrive/Desktop/New%20folder%20(2)/2025_ERP/node_modules/vite/dist/client/env.mjs","userAgent":"Mozilla/5.0 (Windows NT 10.0; Win64; x64) AppleWebKit/537.36 (KHTML, like Gecko) Chrome/140.0.0.0 Safari/537.36 Edg/140.0.0.0"}
{"duration":"20ms","ip":"127.0.0.1","level":"info","method":"GET","service":"premier-erp","statusCode":200,"timestamp":"2025-09-27T14:34:57.794Z","url":"/src/components/ErrorBoundary.tsx","userAgent":"Mozilla/5.0 (Windows NT 10.0; Win64; x64) AppleWebKit/537.36 (KHTML, like Gecko) Chrome/140.0.0.0 Safari/537.36 Edg/140.0.0.0"}
{"duration":"5984ms","ip":"127.0.0.1","level":"info","method":"GET","service":"premier-erp","statusCode":200,"timestamp":"2025-09-27T14:35:03.781Z","url":"/@fs/C:/Users/hooda/OneDrive/Desktop/New%20folder%20(2)/2025_ERP/node_modules/.vite/deps/react.js?v=dd53eb1c","userAgent":"Mozilla/5.0 (Windows NT 10.0; Win64; x64) AppleWebKit/537.36 (KHTML, like Gecko) Chrome/140.0.0.0 Safari/537.36 Edg/140.0.0.0"}
{"duration":"7425ms","ip":"127.0.0.1","level":"info","method":"GET","service":"premier-erp","statusCode":200,"timestamp":"2025-09-27T14:35:04.179Z","url":"/@fs/C:/Users/hooda/OneDrive/Desktop/New%20folder%20(2)/2025_ERP/node_modules/.vite/deps/react-dom_client.js?v=439d6d09","userAgent":"Mozilla/5.0 (Windows NT 10.0; Win64; x64) AppleWebKit/537.36 (KHTML, like Gecko) Chrome/140.0.0.0 Safari/537.36 Edg/140.0.0.0"}
{"duration":"7479ms","ip":"127.0.0.1","level":"info","method":"GET","service":"premier-erp","statusCode":200,"timestamp":"2025-09-27T14:35:04.227Z","url":"/@fs/C:/Users/hooda/OneDrive/Desktop/New%20folder%20(2)/2025_ERP/node_modules/.vite/deps/react_jsx-dev-runtime.js?v=dd53eb1c","userAgent":"Mozilla/5.0 (Windows NT 10.0; Win64; x64) AppleWebKit/537.36 (KHTML, like Gecko) Chrome/140.0.0.0 Safari/537.36 Edg/140.0.0.0"}
{"duration":"6843ms","ip":"127.0.0.1","level":"info","method":"GET","service":"premier-erp","statusCode":200,"timestamp":"2025-09-27T14:35:04.624Z","url":"/@fs/C:/Users/hooda/OneDrive/Desktop/New%20folder%20(2)/2025_ERP/node_modules/.vite/deps/wouter.js?v=2545dc64","userAgent":"Mozilla/5.0 (Windows NT 10.0; Win64; x64) AppleWebKit/537.36 (KHTML, like Gecko) Chrome/140.0.0.0 Safari/537.36 Edg/140.0.0.0"}
{"duration":"7007ms","ip":"127.0.0.1","level":"info","method":"GET","service":"premier-erp","statusCode":200,"timestamp":"2025-09-27T14:35:04.734Z","url":"/@fs/C:/Users/hooda/OneDrive/Desktop/New%20folder%20(2)/2025_ERP/node_modules/.vite/deps/@tanstack_react-query.js?v=b1cdad7c","userAgent":"Mozilla/5.0 (Windows NT 10.0; Win64; x64) AppleWebKit/537.36 (KHTML, like Gecko) Chrome/140.0.0.0 Safari/537.36 Edg/140.0.0.0"}
{"duration":"704ms","ip":"127.0.0.1","level":"info","method":"GET","service":"premier-erp","statusCode":200,"timestamp":"2025-09-27T14:35:04.817Z","url":"/src/components/layout/MainLayout.tsx","userAgent":"Mozilla/5.0 (Windows NT 10.0; Win64; x64) AppleWebKit/537.36 (KHTML, like Gecko) Chrome/140.0.0.0 Safari/537.36 Edg/140.0.0.0"}
{"duration":"134ms","ip":"127.0.0.1","level":"info","method":"GET","service":"premier-erp","statusCode":200,"timestamp":"2025-09-27T14:35:04.885Z","url":"/src/contexts/PaginationContext.tsx","userAgent":"Mozilla/5.0 (Windows NT 10.0; Win64; x64) AppleWebKit/537.36 (KHTML, like Gecko) Chrome/140.0.0.0 Safari/537.36 Edg/140.0.0.0"}
{"duration":"141ms","ip":"127.0.0.1","level":"info","method":"GET","service":"premier-erp","statusCode":200,"timestamp":"2025-09-27T14:35:04.889Z","url":"/src/contexts/CSVContext.tsx","userAgent":"Mozilla/5.0 (Windows NT 10.0; Win64; x64) AppleWebKit/537.36 (KHTML, like Gecko) Chrome/140.0.0.0 Safari/537.36 Edg/140.0.0.0"}
{"duration":"138ms","ip":"127.0.0.1","level":"info","method":"GET","service":"premier-erp","statusCode":200,"timestamp":"2025-09-27T14:35:04.929Z","url":"/src/contexts/NotificationContext.tsx","userAgent":"Mozilla/5.0 (Windows NT 10.0; Win64; x64) AppleWebKit/537.36 (KHTML, like Gecko) Chrome/140.0.0.0 Safari/537.36 Edg/140.0.0.0"}
{"duration":"53ms","ip":"127.0.0.1","level":"info","method":"GET","service":"premier-erp","statusCode":200,"timestamp":"2025-09-27T14:35:04.955Z","url":"/src/contexts/SidebarContext.tsx","userAgent":"Mozilla/5.0 (Windows NT 10.0; Win64; x64) AppleWebKit/537.36 (KHTML, like Gecko) Chrome/140.0.0.0 Safari/537.36 Edg/140.0.0.0"}
{"duration":"59ms","ip":"127.0.0.1","level":"info","method":"GET","service":"premier-erp","statusCode":200,"timestamp":"2025-09-27T14:35:04.962Z","url":"/src/contexts/AuthContext.tsx","userAgent":"Mozilla/5.0 (Windows NT 10.0; Win64; x64) AppleWebKit/537.36 (KHTML, like Gecko) Chrome/140.0.0.0 Safari/537.36 Edg/140.0.0.0"}
{"duration":"58ms","ip":"127.0.0.1","level":"info","method":"GET","service":"premier-erp","statusCode":200,"timestamp":"2025-09-27T14:35:04.969Z","url":"/src/contexts/UserPermissionsContext.tsx","userAgent":"Mozilla/5.0 (Windows NT 10.0; Win64; x64) AppleWebKit/537.36 (KHTML, like Gecko) Chrome/140.0.0.0 Safari/537.36 Edg/140.0.0.0"}
{"duration":"270ms","ip":"127.0.0.1","level":"info","method":"GET","service":"premier-erp","statusCode":200,"timestamp":"2025-09-27T14:35:05.010Z","url":"/src/contexts/LanguageContext.tsx","userAgent":"Mozilla/5.0 (Windows NT 10.0; Win64; x64) AppleWebKit/537.36 (KHTML, like Gecko) Chrome/140.0.0.0 Safari/537.36 Edg/140.0.0.0"}
{"duration":"126ms","ip":"127.0.0.1","level":"info","method":"GET","service":"premier-erp","statusCode":200,"timestamp":"2025-09-27T14:35:05.068Z","url":"/src/pages/DashboardNew.tsx","userAgent":"Mozilla/5.0 (Windows NT 10.0; Win64; x64) AppleWebKit/537.36 (KHTML, like Gecko) Chrome/140.0.0.0 Safari/537.36 Edg/140.0.0.0"}
{"duration":"7331ms","ip":"127.0.0.1","level":"info","method":"GET","service":"premier-erp","statusCode":200,"timestamp":"2025-09-27T14:35:05.130Z","url":"/@fs/C:/Users/hooda/OneDrive/Desktop/New%20folder%20(2)/2025_ERP/node_modules/.vite/deps/lucide-react.js?v=4703f6ad","userAgent":"Mozilla/5.0 (Windows NT 10.0; Win64; x64) AppleWebKit/537.36 (KHTML, like Gecko) Chrome/140.0.0.0 Safari/537.36 Edg/140.0.0.0"}
{"duration":"132ms","ip":"127.0.0.1","level":"info","method":"GET","service":"premier-erp","statusCode":200,"timestamp":"2025-09-27T14:35:05.154Z","url":"/src/pages/BackupRestore.tsx","userAgent":"Mozilla/5.0 (Windows NT 10.0; Win64; x64) AppleWebKit/537.36 (KHTML, like Gecko) Chrome/140.0.0.0 Safari/537.36 Edg/140.0.0.0"}
{"duration":"183ms","ip":"127.0.0.1","level":"info","method":"GET","service":"premier-erp","statusCode":200,"timestamp":"2025-09-27T14:35:05.160Z","url":"/src/pages/Expenses.tsx","userAgent":"Mozilla/5.0 (Windows NT 10.0; Win64; x64) AppleWebKit/537.36 (KHTML, like Gecko) Chrome/140.0.0.0 Safari/537.36 Edg/140.0.0.0"}
{"duration":"183ms","ip":"127.0.0.1","level":"info","method":"GET","service":"premier-erp","statusCode":200,"timestamp":"2025-09-27T14:35:05.182Z","url":"/src/pages/Suppliers.tsx","userAgent":"Mozilla/5.0 (Windows NT 10.0; Win64; x64) AppleWebKit/537.36 (KHTML, like Gecko) Chrome/140.0.0.0 Safari/537.36 Edg/140.0.0.0"}
{"duration":"62ms","ip":"127.0.0.1","level":"info","method":"GET","service":"premier-erp","statusCode":200,"timestamp":"2025-09-27T14:35:05.208Z","url":"/src/pages/Settings.tsx","userAgent":"Mozilla/5.0 (Windows NT 10.0; Win64; x64) AppleWebKit/537.36 (KHTML, like Gecko) Chrome/140.0.0.0 Safari/537.36 Edg/140.0.0.0"}
{"duration":"233ms","ip":"127.0.0.1","level":"info","method":"GET","service":"premier-erp","statusCode":200,"timestamp":"2025-09-27T14:35:05.216Z","url":"/src/pages/Inventory.tsx","userAgent":"Mozilla/5.0 (Windows NT 10.0; Win64; x64) AppleWebKit/537.36 (KHTML, like Gecko) Chrome/140.0.0.0 Safari/537.36 Edg/140.0.0.0"}
{"duration":"59ms","ip":"127.0.0.1","level":"info","method":"GET","service":"premier-erp","statusCode":200,"timestamp":"2025-09-27T14:35:05.221Z","url":"/src/pages/SystemPreferences.tsx","userAgent":"Mozilla/5.0 (Windows NT 10.0; Win64; x64) AppleWebKit/537.36 (KHTML, like Gecko) Chrome/140.0.0.0 Safari/537.36 Edg/140.0.0.0"}
{"duration":"93ms","ip":"127.0.0.1","level":"info","method":"GET","service":"premier-erp","statusCode":200,"timestamp":"2025-09-27T14:35:05.318Z","url":"/src/pages/InvoiceHistory.tsx","userAgent":"Mozilla/5.0 (Windows NT 10.0; Win64; x64) AppleWebKit/537.36 (KHTML, like Gecko) Chrome/140.0.0.0 Safari/537.36 Edg/140.0.0.0"}
{"duration":"137ms","ip":"127.0.0.1","level":"info","method":"GET","service":"premier-erp","statusCode":200,"timestamp":"2025-09-27T14:35:05.329Z","url":"/src/pages/CreateQuotation.tsx","userAgent":"Mozilla/5.0 (Windows NT 10.0; Win64; x64) AppleWebKit/537.36 (KHTML, like Gecko) Chrome/140.0.0.0 Safari/537.36 Edg/140.0.0.0"}
{"duration":"100ms","ip":"127.0.0.1","level":"info","method":"GET","service":"premier-erp","statusCode":200,"timestamp":"2025-09-27T14:35:05.332Z","url":"/src/pages/QuotationHistory.tsx","userAgent":"Mozilla/5.0 (Windows NT 10.0; Win64; x64) AppleWebKit/537.36 (KHTML, like Gecko) Chrome/140.0.0.0 Safari/537.36 Edg/140.0.0.0"}
{"duration":"103ms","ip":"127.0.0.1","level":"info","method":"GET","service":"premier-erp","statusCode":200,"timestamp":"2025-09-27T14:35:05.351Z","url":"/src/pages/LabelGenerator.tsx","userAgent":"Mozilla/5.0 (Windows NT 10.0; Win64; x64) AppleWebKit/537.36 (KHTML, like Gecko) Chrome/140.0.0.0 Safari/537.36 Edg/140.0.0.0"}
{"duration":"208ms","ip":"127.0.0.1","level":"info","method":"GET","service":"premier-erp","statusCode":200,"timestamp":"2025-09-27T14:35:05.372Z","url":"/src/pages/CreateInvoice.tsx","userAgent":"Mozilla/5.0 (Windows NT 10.0; Win64; x64) AppleWebKit/537.36 (KHTML, like Gecko) Chrome/140.0.0.0 Safari/537.36 Edg/140.0.0.0"}
{"duration":"74ms","ip":"127.0.0.1","level":"info","method":"GET","service":"premier-erp","statusCode":200,"timestamp":"2025-09-27T14:35:05.410Z","url":"/src/pages/UserManagement.tsx","userAgent":"Mozilla/5.0 (Windows NT 10.0; Win64; x64) AppleWebKit/537.36 (KHTML, like Gecko) Chrome/140.0.0.0 Safari/537.36 Edg/140.0.0.0"}
{"duration":"86ms","ip":"127.0.0.1","level":"info","method":"GET","service":"premier-erp","statusCode":200,"timestamp":"2025-09-27T14:35:05.427Z","url":"/src/pages/customers.tsx","userAgent":"Mozilla/5.0 (Windows NT 10.0; Win64; x64) AppleWebKit/537.36 (KHTML, like Gecko) Chrome/140.0.0.0 Safari/537.36 Edg/140.0.0.0"}
{"duration":"82ms","ip":"127.0.0.1","level":"info","method":"GET","service":"premier-erp","statusCode":200,"timestamp":"2025-09-27T14:35:05.440Z","url":"/src/pages/Procurement.tsx","userAgent":"Mozilla/5.0 (Windows NT 10.0; Win64; x64) AppleWebKit/537.36 (KHTML, like Gecko) Chrome/140.0.0.0 Safari/537.36 Edg/140.0.0.0"}
{"duration":"22ms","ip":"127.0.0.1","level":"info","method":"GET","service":"premier-erp","statusCode":200,"timestamp":"2025-09-27T14:35:05.443Z","url":"/src/pages/Notifications.tsx","userAgent":"Mozilla/5.0 (Windows NT 10.0; Win64; x64) AppleWebKit/537.36 (KHTML, like Gecko) Chrome/140.0.0.0 Safari/537.36 Edg/140.0.0.0"}
{"duration":"47ms","ip":"127.0.0.1","level":"info","method":"GET","service":"premier-erp","statusCode":200,"timestamp":"2025-09-27T14:35:05.446Z","url":"/src/pages/OrdersHistory.tsx","userAgent":"Mozilla/5.0 (Windows NT 10.0; Win64; x64) AppleWebKit/537.36 (KHTML, like Gecko) Chrome/140.0.0.0 Safari/537.36 Edg/140.0.0.0"}
{"duration":"76ms","ip":"127.0.0.1","level":"info","method":"GET","service":"premier-erp","statusCode":200,"timestamp":"2025-09-27T14:35:05.457Z","url":"/src/pages/OrderManagement.tsx","userAgent":"Mozilla/5.0 (Windows NT 10.0; Win64; x64) AppleWebKit/537.36 (KHTML, like Gecko) Chrome/140.0.0.0 Safari/537.36 Edg/140.0.0.0"}
{"duration":"9ms","ip":"127.0.0.1","level":"info","method":"GET","service":"premier-erp","statusCode":200,"timestamp":"2025-09-27T14:35:05.464Z","url":"/src/pages/not-found.tsx","userAgent":"Mozilla/5.0 (Windows NT 10.0; Win64; x64) AppleWebKit/537.36 (KHTML, like Gecko) Chrome/140.0.0.0 Safari/537.36 Edg/140.0.0.0"}
{"duration":"16ms","ip":"127.0.0.1","level":"info","method":"GET","service":"premier-erp","statusCode":200,"timestamp":"2025-09-27T14:35:05.469Z","url":"/src/pages/Login.tsx","userAgent":"Mozilla/5.0 (Windows NT 10.0; Win64; x64) AppleWebKit/537.36 (KHTML, like Gecko) Chrome/140.0.0.0 Safari/537.36 Edg/140.0.0.0"}
{"duration":"37ms","ip":"127.0.0.1","level":"info","method":"GET","service":"premier-erp","statusCode":200,"timestamp":"2025-09-27T14:35:05.473Z","url":"/src/pages/Payroll.tsx","userAgent":"Mozilla/5.0 (Windows NT 10.0; Win64; x64) AppleWebKit/537.36 (KHTML, like Gecko) Chrome/140.0.0.0 Safari/537.36 Edg/140.0.0.0"}
{"duration":"26ms","ip":"127.0.0.1","level":"info","method":"GET","service":"premier-erp","statusCode":200,"timestamp":"2025-09-27T14:35:05.475Z","url":"/src/pages/Reports.tsx","userAgent":"Mozilla/5.0 (Windows NT 10.0; Win64; x64) AppleWebKit/537.36 (KHTML, like Gecko) Chrome/140.0.0.0 Safari/537.36 Edg/140.0.0.0"}
{"duration":"14ms","ip":"127.0.0.1","level":"info","method":"GET","service":"premier-erp","statusCode":200,"timestamp":"2025-09-27T14:35:05.481Z","url":"/src/hooks/use-toast.ts","userAgent":"Mozilla/5.0 (Windows NT 10.0; Win64; x64) AppleWebKit/537.36 (KHTML, like Gecko) Chrome/140.0.0.0 Safari/537.36 Edg/140.0.0.0"}
{"duration":"12ms","ip":"127.0.0.1","level":"info","method":"GET","service":"premier-erp","statusCode":200,"timestamp":"2025-09-27T14:35:05.489Z","url":"/src/components/ui/toast.tsx","userAgent":"Mozilla/5.0 (Windows NT 10.0; Win64; x64) AppleWebKit/537.36 (KHTML, like Gecko) Chrome/140.0.0.0 Safari/537.36 Edg/140.0.0.0"}
{"duration":"13ms","ip":"127.0.0.1","level":"info","method":"GET","service":"premier-erp","statusCode":200,"timestamp":"2025-09-27T14:35:05.497Z","url":"/@fs/C:/Users/hooda/OneDrive/Desktop/New%20folder%20(2)/2025_ERP/node_modules/.vite/deps/@radix-ui_react-tooltip.js?v=4c411af4","userAgent":"Mozilla/5.0 (Windows NT 10.0; Win64; x64) AppleWebKit/537.36 (KHTML, like Gecko) Chrome/140.0.0.0 Safari/537.36 Edg/140.0.0.0"}
{"duration":"14ms","ip":"127.0.0.1","level":"info","method":"GET","service":"premier-erp","statusCode":200,"timestamp":"2025-09-27T14:35:05.499Z","url":"/src/lib/utils.ts","userAgent":"Mozilla/5.0 (Windows NT 10.0; Win64; x64) AppleWebKit/537.36 (KHTML, like Gecko) Chrome/140.0.0.0 Safari/537.36 Edg/140.0.0.0"}
{"duration":"14ms","ip":"127.0.0.1","level":"info","method":"GET","service":"premier-erp","statusCode":200,"timestamp":"2025-09-27T14:35:05.501Z","url":"/src/components/ui/button.tsx","userAgent":"Mozilla/5.0 (Windows NT 10.0; Win64; x64) AppleWebKit/537.36 (KHTML, like Gecko) Chrome/140.0.0.0 Safari/537.36 Edg/140.0.0.0"}
{"duration":"14ms","ip":"127.0.0.1","level":"info","method":"GET","service":"premier-erp","statusCode":200,"timestamp":"2025-09-27T14:35:05.517Z","url":"/@fs/C:/Users/hooda/OneDrive/Desktop/New%20folder%20(2)/2025_ERP/node_modules/.vite/deps/chunk-WOOG5QLI.js?v=18ad280d","userAgent":"Mozilla/5.0 (Windows NT 10.0; Win64; x64) AppleWebKit/537.36 (KHTML, like Gecko) Chrome/140.0.0.0 Safari/537.36 Edg/140.0.0.0"}
{"duration":"28ms","ip":"127.0.0.1","level":"info","method":"GET","service":"premier-erp","statusCode":200,"timestamp":"2025-09-27T14:35:05.520Z","url":"/@fs/C:/Users/hooda/OneDrive/Desktop/New%20folder%20(2)/2025_ERP/node_modules/.vite/deps/chunk-QCHXOAYK.js?v=18ad280d","userAgent":"Mozilla/5.0 (Windows NT 10.0; Win64; x64) AppleWebKit/537.36 (KHTML, like Gecko) Chrome/140.0.0.0 Safari/537.36 Edg/140.0.0.0"}
{"duration":"267ms","ip":"127.0.0.1","level":"info","method":"GET","service":"premier-erp","statusCode":200,"timestamp":"2025-09-27T14:35:05.526Z","url":"/src/pages/Accounting.tsx","userAgent":"Mozilla/5.0 (Windows NT 10.0; Win64; x64) AppleWebKit/537.36 (KHTML, like Gecko) Chrome/140.0.0.0 Safari/537.36 Edg/140.0.0.0"}
{"duration":"40ms","ip":"127.0.0.1","level":"info","method":"GET","service":"premier-erp","statusCode":200,"timestamp":"2025-09-27T14:35:05.545Z","url":"/@fs/C:/Users/hooda/OneDrive/Desktop/New%20folder%20(2)/2025_ERP/node_modules/.vite/deps/chunk-RPCDYKBN.js?v=18ad280d","userAgent":"Mozilla/5.0 (Windows NT 10.0; Win64; x64) AppleWebKit/537.36 (KHTML, like Gecko) Chrome/140.0.0.0 Safari/537.36 Edg/140.0.0.0"}
{"duration":"3ms","ip":"127.0.0.1","level":"info","method":"GET","service":"premier-erp","statusCode":200,"timestamp":"2025-09-27T14:35:06.838Z","url":"/@fs/C:/Users/hooda/OneDrive/Desktop/New%20folder%20(2)/2025_ERP/node_modules/.vite/deps/chunk-KBTYAULA.js?v=18ad280d","userAgent":"Mozilla/5.0 (Windows NT 10.0; Win64; x64) AppleWebKit/537.36 (KHTML, like Gecko) Chrome/140.0.0.0 Safari/537.36 Edg/140.0.0.0"}
{"duration":"5ms","ip":"127.0.0.1","level":"info","method":"GET","service":"premier-erp","statusCode":200,"timestamp":"2025-09-27T14:35:06.881Z","url":"/src/components/layout/Sidebar.tsx","userAgent":"Mozilla/5.0 (Windows NT 10.0; Win64; x64) AppleWebKit/537.36 (KHTML, like Gecko) Chrome/140.0.0.0 Safari/537.36 Edg/140.0.0.0"}
{"duration":"3ms","ip":"127.0.0.1","level":"info","method":"GET","service":"premier-erp","statusCode":200,"timestamp":"2025-09-27T14:35:06.900Z","url":"/src/components/PageNavigation.tsx","userAgent":"Mozilla/5.0 (Windows NT 10.0; Win64; x64) AppleWebKit/537.36 (KHTML, like Gecko) Chrome/140.0.0.0 Safari/537.36 Edg/140.0.0.0"}
{"duration":"8ms","ip":"127.0.0.1","level":"info","method":"GET","service":"premier-erp","statusCode":200,"timestamp":"2025-09-27T14:35:06.904Z","url":"/src/components/layout/MobileNav.tsx","userAgent":"Mozilla/5.0 (Windows NT 10.0; Win64; x64) AppleWebKit/537.36 (KHTML, like Gecko) Chrome/140.0.0.0 Safari/537.36 Edg/140.0.0.0"}
{"duration":"5ms","ip":"127.0.0.1","level":"info","method":"GET","service":"premier-erp","statusCode":200,"timestamp":"2025-09-27T14:35:06.920Z","url":"/src/components/EnhancedNotifications.tsx","userAgent":"Mozilla/5.0 (Windows NT 10.0; Win64; x64) AppleWebKit/537.36 (KHTML, like Gecko) Chrome/140.0.0.0 Safari/537.36 Edg/140.0.0.0"}
{"duration":"8ms","ip":"127.0.0.1","level":"info","method":"GET","service":"premier-erp","statusCode":200,"timestamp":"2025-09-27T14:35:06.926Z","url":"/src/components/LanguageSelector.tsx","userAgent":"Mozilla/5.0 (Windows NT 10.0; Win64; x64) AppleWebKit/537.36 (KHTML, like Gecko) Chrome/140.0.0.0 Safari/537.36 Edg/140.0.0.0"}
{"duration":"8ms","ip":"127.0.0.1","level":"info","method":"GET","service":"premier-erp","statusCode":200,"timestamp":"2025-09-27T14:35:06.949Z","url":"/src/components/dialogs/ProfileDialog.tsx","userAgent":"Mozilla/5.0 (Windows NT 10.0; Win64; x64) AppleWebKit/537.36 (KHTML, like Gecko) Chrome/140.0.0.0 Safari/537.36 Edg/140.0.0.0"}
{"duration":"12ms","ip":"127.0.0.1","level":"info","method":"GET","service":"premier-erp","statusCode":200,"timestamp":"2025-09-27T14:35:06.957Z","url":"/src/components/dialogs/SettingsDialog.tsx","userAgent":"Mozilla/5.0 (Windows NT 10.0; Win64; x64) AppleWebKit/537.36 (KHTML, like Gecko) Chrome/140.0.0.0 Safari/537.36 Edg/140.0.0.0"}
{"duration":"2ms","ip":"127.0.0.1","level":"info","method":"GET","service":"premier-erp","statusCode":200,"timestamp":"2025-09-27T14:35:06.981Z","url":"/src/components/dialogs/LogoutDialog.tsx","userAgent":"Mozilla/5.0 (Windows NT 10.0; Win64; x64) AppleWebKit/537.36 (KHTML, like Gecko) Chrome/140.0.0.0 Safari/537.36 Edg/140.0.0.0"}
{"duration":"4ms","ip":"127.0.0.1","level":"info","method":"GET","service":"premier-erp","statusCode":200,"timestamp":"2025-09-27T14:35:06.990Z","url":"/src/components/ui/dropdown-menu.tsx","userAgent":"Mozilla/5.0 (Windows NT 10.0; Win64; x64) AppleWebKit/537.36 (KHTML, like Gecko) Chrome/140.0.0.0 Safari/537.36 Edg/140.0.0.0"}
{"duration":"4ms","ip":"127.0.0.1","level":"info","method":"GET","service":"premier-erp","statusCode":200,"timestamp":"2025-09-27T14:35:07.000Z","url":"/src/components/ui/badge.tsx","userAgent":"Mozilla/5.0 (Windows NT 10.0; Win64; x64) AppleWebKit/537.36 (KHTML, like Gecko) Chrome/140.0.0.0 Safari/537.36 Edg/140.0.0.0"}
{"duration":"1ms","ip":"127.0.0.1","level":"info","method":"GET","service":"premier-erp","statusCode":200,"timestamp":"2025-09-27T14:35:07.013Z","url":"/@fs/C:/Users/hooda/OneDrive/Desktop/New%20folder%20(2)/2025_ERP/node_modules/.vite/deps/react-dom.js?v=dd53eb1c","userAgent":"Mozilla/5.0 (Windows NT 10.0; Win64; x64) AppleWebKit/537.36 (KHTML, like Gecko) Chrome/140.0.0.0 Safari/537.36 Edg/140.0.0.0"}
{"duration":"1ms","ip":"127.0.0.1","level":"info","method":"GET","service":"premier-erp","statusCode":200,"timestamp":"2025-09-27T14:35:07.016Z","url":"/src/components/csv/index.ts","userAgent":"Mozilla/5.0 (Windows NT 10.0; Win64; x64) AppleWebKit/537.36 (KHTML, like Gecko) Chrome/140.0.0.0 Safari/537.36 Edg/140.0.0.0"}
{"duration":"3ms","ip":"127.0.0.1","level":"info","method":"GET","service":"premier-erp","statusCode":200,"timestamp":"2025-09-27T14:35:07.023Z","url":"/src/hooks/use-notifications-data.ts","userAgent":"Mozilla/5.0 (Windows NT 10.0; Win64; x64) AppleWebKit/537.36 (KHTML, like Gecko) Chrome/140.0.0.0 Safari/537.36 Edg/140.0.0.0"}
{"duration":"5ms","ip":"127.0.0.1","level":"info","method":"GET","service":"premier-erp","statusCode":200,"timestamp":"2025-09-27T14:35:07.048Z","url":"/src/lib/queryClient.ts","userAgent":"Mozilla/5.0 (Windows NT 10.0; Win64; x64) AppleWebKit/537.36 (KHTML, like Gecko) Chrome/140.0.0.0 Safari/537.36 Edg/140.0.0.0"}
{"duration":"8ms","ip":"127.0.0.1","level":"info","method":"GET","service":"premier-erp","statusCode":200,"timestamp":"2025-09-27T14:35:07.053Z","url":"/src/components/ui/card.tsx","userAgent":"Mozilla/5.0 (Windows NT 10.0; Win64; x64) AppleWebKit/537.36 (KHTML, like Gecko) Chrome/140.0.0.0 Safari/537.36 Edg/140.0.0.0"}
{"duration":"9ms","ip":"127.0.0.1","level":"info","method":"GET","service":"premier-erp","statusCode":200,"timestamp":"2025-09-27T14:35:07.056Z","url":"/src/components/ui/dialog.tsx","userAgent":"Mozilla/5.0 (Windows NT 10.0; Win64; x64) AppleWebKit/537.36 (KHTML, like Gecko) Chrome/140.0.0.0 Safari/537.36 Edg/140.0.0.0"}
{"duration":"19ms","ip":"127.0.0.1","level":"info","method":"GET","service":"premier-erp","statusCode":200,"timestamp":"2025-09-27T14:35:07.089Z","url":"/src/components/dashboard/LowStockCard.tsx","userAgent":"Mozilla/5.0 (Windows NT 10.0; Win64; x64) AppleWebKit/537.36 (KHTML, like Gecko) Chrome/140.0.0.0 Safari/537.36 Edg/140.0.0.0"}
{"duration":"26ms","ip":"127.0.0.1","level":"info","method":"GET","service":"premier-erp","statusCode":200,"timestamp":"2025-09-27T14:35:07.098Z","url":"/src/components/dashboard/ExpiringProductsCard.tsx","userAgent":"Mozilla/5.0 (Windows NT 10.0; Win64; x64) AppleWebKit/537.36 (KHTML, like Gecko) Chrome/140.0.0.0 Safari/537.36 Edg/140.0.0.0"}
{"duration":"6ms","ip":"127.0.0.1","level":"info","method":"GET","service":"premier-erp","statusCode":200,"timestamp":"2025-09-27T14:35:07.121Z","url":"/src/components/ui/input.tsx","userAgent":"Mozilla/5.0 (Windows NT 10.0; Win64; x64) AppleWebKit/537.36 (KHTML, like Gecko) Chrome/140.0.0.0 Safari/537.36 Edg/140.0.0.0"}
{"duration":"4ms","ip":"127.0.0.1","level":"info","method":"GET","service":"premier-erp","statusCode":200,"timestamp":"2025-09-27T14:35:07.138Z","url":"/src/components/ui/label.tsx","userAgent":"Mozilla/5.0 (Windows NT 10.0; Win64; x64) AppleWebKit/537.36 (KHTML, like Gecko) Chrome/140.0.0.0 Safari/537.36 Edg/140.0.0.0"}
{"duration":"14ms","ip":"127.0.0.1","level":"info","method":"GET","service":"premier-erp","statusCode":200,"timestamp":"2025-09-27T14:35:07.146Z","url":"/src/components/ui/select.tsx","userAgent":"Mozilla/5.0 (Windows NT 10.0; Win64; x64) AppleWebKit/537.36 (KHTML, like Gecko) Chrome/140.0.0.0 Safari/537.36 Edg/140.0.0.0"}
{"duration":"92ms","ip":"127.0.0.1","level":"info","method":"GET","service":"premier-erp","statusCode":200,"timestamp":"2025-09-27T14:35:07.166Z","url":"/@fs/C:/Users/hooda/OneDrive/Desktop/New%20folder%20(2)/2025_ERP/node_modules/.vite/deps/recharts.js?v=18ad2ba8","userAgent":"Mozilla/5.0 (Windows NT 10.0; Win64; x64) AppleWebKit/537.36 (KHTML, like Gecko) Chrome/140.0.0.0 Safari/537.36 Edg/140.0.0.0"}
{"duration":"2ms","ip":"127.0.0.1","level":"info","method":"GET","service":"premier-erp","statusCode":200,"timestamp":"2025-09-27T14:35:07.210Z","url":"/src/hooks/use-expenses.ts","userAgent":"Mozilla/5.0 (Windows NT 10.0; Win64; x64) AppleWebKit/537.36 (KHTML, like Gecko) Chrome/140.0.0.0 Safari/537.36 Edg/140.0.0.0"}
{"duration":"6ms","ip":"127.0.0.1","level":"info","method":"GET","service":"premier-erp","statusCode":200,"timestamp":"2025-09-27T14:35:07.235Z","url":"/src/components/expenses/ExpenseForm.tsx","userAgent":"Mozilla/5.0 (Windows NT 10.0; Win64; x64) AppleWebKit/537.36 (KHTML, like Gecko) Chrome/140.0.0.0 Safari/537.36 Edg/140.0.0.0"}
{"duration":"2ms","ip":"127.0.0.1","level":"info","method":"GET","service":"premier-erp","statusCode":200,"timestamp":"2025-09-27T14:35:07.248Z","url":"/src/components/ui/switch.tsx","userAgent":"Mozilla/5.0 (Windows NT 10.0; Win64; x64) AppleWebKit/537.36 (KHTML, like Gecko) Chrome/140.0.0.0 Safari/537.36 Edg/140.0.0.0"}
{"duration":"3ms","ip":"127.0.0.1","level":"info","method":"GET","service":"premier-erp","statusCode":200,"timestamp":"2025-09-27T14:35:07.272Z","url":"/src/hooks/use-backup.ts","userAgent":"Mozilla/5.0 (Windows NT 10.0; Win64; x64) AppleWebKit/537.36 (KHTML, like Gecko) Chrome/140.0.0.0 Safari/537.36 Edg/140.0.0.0"}
{"duration":"8ms","ip":"127.0.0.1","level":"info","method":"GET","service":"premier-erp","statusCode":200,"timestamp":"2025-09-27T14:35:07.278Z","url":"/src/components/ui/tabs.tsx","userAgent":"Mozilla/5.0 (Windows NT 10.0; Win64; x64) AppleWebKit/537.36 (KHTML, like Gecko) Chrome/140.0.0.0 Safari/537.36 Edg/140.0.0.0"}
{"duration":"1ms","ip":"127.0.0.1","level":"info","method":"GET","service":"premier-erp","statusCode":200,"timestamp":"2025-09-27T14:35:07.292Z","url":"/@fs/C:/Users/hooda/OneDrive/Desktop/New%20folder%20(2)/2025_ERP/node_modules/.vite/deps/react-hook-form.js?v=ffcbcfb9","userAgent":"Mozilla/5.0 (Windows NT 10.0; Win64; x64) AppleWebKit/537.36 (KHTML, like Gecko) Chrome/140.0.0.0 Safari/537.36 Edg/140.0.0.0"}
{"duration":"3ms","ip":"127.0.0.1","level":"info","method":"GET","service":"premier-erp","statusCode":200,"timestamp":"2025-09-27T14:35:07.333Z","url":"/@fs/C:/Users/hooda/OneDrive/Desktop/New%20folder%20(2)/2025_ERP/node_modules/.vite/deps/@hookform_resolvers_zod.js?v=bf26fe9d","userAgent":"Mozilla/5.0 (Windows NT 10.0; Win64; x64) AppleWebKit/537.36 (KHTML, like Gecko) Chrome/140.0.0.0 Safari/537.36 Edg/140.0.0.0"}
{"duration":"2ms","ip":"127.0.0.1","level":"info","method":"GET","service":"premier-erp","statusCode":200,"timestamp":"2025-09-27T14:35:07.348Z","url":"/src/components/ui/textarea.tsx","userAgent":"Mozilla/5.0 (Windows NT 10.0; Win64; x64) AppleWebKit/537.36 (KHTML, like Gecko) Chrome/140.0.0.0 Safari/537.36 Edg/140.0.0.0"}
{"duration":"12ms","ip":"127.0.0.1","level":"info","method":"GET","service":"premier-erp","statusCode":200,"timestamp":"2025-09-27T14:35:07.356Z","url":"/@fs/C:/Users/hooda/OneDrive/Desktop/New%20folder%20(2)/2025_ERP/node_modules/.vite/deps/zod.js?v=52fdd818","userAgent":"Mozilla/5.0 (Windows NT 10.0; Win64; x64) AppleWebKit/537.36 (KHTML, like Gecko) Chrome/140.0.0.0 Safari/537.36 Edg/140.0.0.0"}
{"duration":"3ms","ip":"127.0.0.1","level":"info","method":"GET","service":"premier-erp","statusCode":200,"timestamp":"2025-09-27T14:35:07.381Z","url":"/src/components/ui/table.tsx","userAgent":"Mozilla/5.0 (Windows NT 10.0; Win64; x64) AppleWebKit/537.36 (KHTML, like Gecko) Chrome/140.0.0.0 Safari/537.36 Edg/140.0.0.0"}
{"duration":"5ms","ip":"127.0.0.1","level":"info","method":"GET","service":"premier-erp","statusCode":200,"timestamp":"2025-09-27T14:35:07.394Z","url":"/src/components/ui/form.tsx","userAgent":"Mozilla/5.0 (Windows NT 10.0; Win64; x64) AppleWebKit/537.36 (KHTML, like Gecko) Chrome/140.0.0.0 Safari/537.36 Edg/140.0.0.0"}
{"duration":"7ms","ip":"127.0.0.1","level":"info","method":"GET","service":"premier-erp","statusCode":200,"timestamp":"2025-09-27T14:35:07.399Z","url":"/src/components/csv/CSVExport.tsx","userAgent":"Mozilla/5.0 (Windows NT 10.0; Win64; x64) AppleWebKit/537.36 (KHTML, like Gecko) Chrome/140.0.0.0 Safari/537.36 Edg/140.0.0.0"}
{"duration":"7ms","ip":"127.0.0.1","level":"info","method":"GET","service":"premier-erp","statusCode":200,"timestamp":"2025-09-27T14:35:07.419Z","url":"/src/components/system-preferences/CompanyInfoTab.tsx","userAgent":"Mozilla/5.0 (Windows NT 10.0; Win64; x64) AppleWebKit/537.36 (KHTML, like Gecko) Chrome/140.0.0.0 Safari/537.36 Edg/140.0.0.0"}
{"duration":"14ms","ip":"127.0.0.1","level":"info","method":"GET","service":"premier-erp","statusCode":200,"timestamp":"2025-09-27T14:35:07.422Z","url":"/src/components/csv/CSVImport.tsx","userAgent":"Mozilla/5.0 (Windows NT 10.0; Win64; x64) AppleWebKit/537.36 (KHTML, like Gecko) Chrome/140.0.0.0 Safari/537.36 Edg/140.0.0.0"}
{"duration":"16ms","ip":"127.0.0.1","level":"info","method":"GET","service":"premier-erp","statusCode":200,"timestamp":"2025-09-27T14:35:07.464Z","url":"/src/components/system-preferences/UserManagementTab-new.tsx","userAgent":"Mozilla/5.0 (Windows NT 10.0; Win64; x64) AppleWebKit/537.36 (KHTML, like Gecko) Chrome/140.0.0.0 Safari/537.36 Edg/140.0.0.0"}
{"duration":"5ms","ip":"127.0.0.1","level":"info","method":"GET","service":"premier-erp","statusCode":200,"timestamp":"2025-09-27T14:35:07.491Z","url":"/src/components/system-preferences/InventorySettingsTab.tsx","userAgent":"Mozilla/5.0 (Windows NT 10.0; Win64; x64) AppleWebKit/537.36 (KHTML, like Gecko) Chrome/140.0.0.0 Safari/537.36 Edg/140.0.0.0"}
{"duration":"16ms","ip":"127.0.0.1","level":"info","method":"GET","service":"premier-erp","statusCode":200,"timestamp":"2025-09-27T14:35:07.504Z","url":"/src/components/system-preferences/FinancialConfigurationTab.tsx","userAgent":"Mozilla/5.0 (Windows NT 10.0; Win64; x64) AppleWebKit/537.36 (KHTML, like Gecko) Chrome/140.0.0.0 Safari/537.36 Edg/140.0.0.0"}
{"duration":"9ms","ip":"127.0.0.1","level":"info","method":"GET","service":"premier-erp","statusCode":200,"timestamp":"2025-09-27T14:35:07.532Z","url":"/src/components/system-preferences/SecuritySettingsTab.tsx","userAgent":"Mozilla/5.0 (Windows NT 10.0; Win64; x64) AppleWebKit/537.36 (KHTML, like Gecko) Chrome/140.0.0.0 Safari/537.36 Edg/140.0.0.0"}
{"duration":"10ms","ip":"127.0.0.1","level":"info","method":"GET","service":"premier-erp","statusCode":200,"timestamp":"2025-09-27T14:35:07.538Z","url":"/src/components/system-preferences/CommunicationSettingsTab.tsx","userAgent":"Mozilla/5.0 (Windows NT 10.0; Win64; x64) AppleWebKit/537.36 (KHTML, like Gecko) Chrome/140.0.0.0 Safari/537.36 Edg/140.0.0.0"}
{"duration":"11ms","ip":"127.0.0.1","level":"info","method":"GET","service":"premier-erp","statusCode":200,"timestamp":"2025-09-27T14:35:07.567Z","url":"/src/components/system-preferences/BackupTab.tsx","userAgent":"Mozilla/5.0 (Windows NT 10.0; Win64; x64) AppleWebKit/537.36 (KHTML, like Gecko) Chrome/140.0.0.0 Safari/537.36 Edg/140.0.0.0"}
{"duration":"13ms","ip":"127.0.0.1","level":"info","method":"GET","service":"premier-erp","statusCode":200,"timestamp":"2025-09-27T14:35:07.577Z","url":"/src/components/system-preferences/ETAIntegrationTab.tsx","userAgent":"Mozilla/5.0 (Windows NT 10.0; Win64; x64) AppleWebKit/537.36 (KHTML, like Gecko) Chrome/140.0.0.0 Safari/537.36 Edg/140.0.0.0"}
{"duration":"7ms","ip":"127.0.0.1","level":"info","method":"GET","service":"premier-erp","statusCode":200,"timestamp":"2025-09-27T14:35:07.596Z","url":"/src/components/system-preferences/QuotationPreviewSettingsTab.tsx","userAgent":"Mozilla/5.0 (Windows NT 10.0; Win64; x64) AppleWebKit/537.36 (KHTML, like Gecko) Chrome/140.0.0.0 Safari/537.36 Edg/140.0.0.0"}
{"duration":"9ms","ip":"127.0.0.1","level":"info","method":"GET","service":"premier-erp","statusCode":200,"timestamp":"2025-09-27T14:35:07.602Z","url":"/src/components/system-preferences/InvoicePreviewSettingsTab.tsx","userAgent":"Mozilla/5.0 (Windows NT 10.0; Win64; x64) AppleWebKit/537.36 (KHTML, like Gecko) Chrome/140.0.0.0 Safari/537.36 Edg/140.0.0.0"}
{"duration":"10ms","ip":"127.0.0.1","level":"info","method":"GET","service":"premier-erp","statusCode":200,"timestamp":"2025-09-27T14:35:07.626Z","url":"/src/components/system-preferences/ModuleConfigurationTab.tsx","userAgent":"Mozilla/5.0 (Windows NT 10.0; Win64; x64) AppleWebKit/537.36 (KHTML, like Gecko) Chrome/140.0.0.0 Safari/537.36 Edg/140.0.0.0"}
{"duration":"3ms","ip":"127.0.0.1","level":"info","method":"GET","service":"premier-erp","statusCode":200,"timestamp":"2025-09-27T14:35:07.638Z","url":"/src/components/system-preferences/OrderStatusTab.tsx","userAgent":"Mozilla/5.0 (Windows NT 10.0; Win64; x64) AppleWebKit/537.36 (KHTML, like Gecko) Chrome/140.0.0.0 Safari/537.36 Edg/140.0.0.0"}
{"duration":"3ms","ip":"127.0.0.1","level":"info","method":"GET","service":"premier-erp","statusCode":200,"timestamp":"2025-09-27T14:35:07.652Z","url":"/src/components/ui/popover.tsx","userAgent":"Mozilla/5.0 (Windows NT 10.0; Win64; x64) AppleWebKit/537.36 (KHTML, like Gecko) Chrome/140.0.0.0 Safari/537.36 Edg/140.0.0.0"}
{"duration":"6ms","ip":"127.0.0.1","level":"info","method":"GET","service":"premier-erp","statusCode":200,"timestamp":"2025-09-27T14:35:07.672Z","url":"/src/components/ui/command.tsx","userAgent":"Mozilla/5.0 (Windows NT 10.0; Win64; x64) AppleWebKit/537.36 (KHTML, like Gecko) Chrome/140.0.0.0 Safari/537.36 Edg/140.0.0.0"}
{"duration":"5ms","ip":"127.0.0.1","level":"info","method":"GET","service":"premier-erp","statusCode":200,"timestamp":"2025-09-27T14:35:07.675Z","url":"/src/components/ui/separator.tsx","userAgent":"Mozilla/5.0 (Windows NT 10.0; Win64; x64) AppleWebKit/537.36 (KHTML, like Gecko) Chrome/140.0.0.0 Safari/537.36 Edg/140.0.0.0"}
{"duration":"3ms","ip":"127.0.0.1","level":"info","method":"GET","service":"premier-erp","statusCode":200,"timestamp":"2025-09-27T14:35:07.689Z","url":"/src/hooks/use-financial-preferences.ts","userAgent":"Mozilla/5.0 (Windows NT 10.0; Win64; x64) AppleWebKit/537.36 (KHTML, like Gecko) Chrome/140.0.0.0 Safari/537.36 Edg/140.0.0.0"}
{"duration":"11ms","ip":"127.0.0.1","level":"info","method":"GET","service":"premier-erp","statusCode":200,"timestamp":"2025-09-27T14:35:07.788Z","url":"/@fs/C:/Users/hooda/OneDrive/Desktop/New%20folder%20(2)/2025_ERP/node_modules/.vite/deps/react-to-print.js?v=dae42c74","userAgent":"Mozilla/5.0 (Windows NT 10.0; Win64; x64) AppleWebKit/537.36 (KHTML, like Gecko) Chrome/140.0.0.0 Safari/537.36 Edg/140.0.0.0"}
{"duration":"17ms","ip":"127.0.0.1","level":"info","method":"GET","service":"premier-erp","statusCode":200,"timestamp":"2025-09-27T14:35:07.800Z","url":"/@fs/C:/Users/hooda/OneDrive/Desktop/New%20folder%20(2)/2025_ERP/node_modules/.vite/deps/html2canvas.js?v=bf269453","userAgent":"Mozilla/5.0 (Windows NT 10.0; Win64; x64) AppleWebKit/537.36 (KHTML, like Gecko) Chrome/140.0.0.0 Safari/537.36 Edg/140.0.0.0"}
{"duration":"28ms","ip":"127.0.0.1","level":"info","method":"GET","service":"premier-erp","statusCode":200,"timestamp":"2025-09-27T14:35:07.807Z","url":"/@fs/C:/Users/hooda/OneDrive/Desktop/New%20folder%20(2)/2025_ERP/node_modules/.vite/deps/jspdf.js?v=80c9b6af","userAgent":"Mozilla/5.0 (Windows NT 10.0; Win64; x64) AppleWebKit/537.36 (KHTML, like Gecko) Chrome/140.0.0.0 Safari/537.36 Edg/140.0.0.0"}
{"duration":"3ms","ip":"127.0.0.1","level":"info","method":"GET","service":"premier-erp","statusCode":200,"timestamp":"2025-09-27T14:35:07.811Z","url":"/src/components/ui/checkbox.tsx","userAgent":"Mozilla/5.0 (Windows NT 10.0; Win64; x64) AppleWebKit/537.36 (KHTML, like Gecko) Chrome/140.0.0.0 Safari/537.36 Edg/140.0.0.0"}
{"duration":"8ms","ip":"127.0.0.1","level":"info","method":"GET","service":"premier-erp","statusCode":200,"timestamp":"2025-09-27T14:35:07.839Z","url":"/src/components/inventory/ProductForm.tsx","userAgent":"Mozilla/5.0 (Windows NT 10.0; Win64; x64) AppleWebKit/537.36 (KHTML, like Gecko) Chrome/140.0.0.0 Safari/537.36 Edg/140.0.0.0"}
{"duration":"3ms","ip":"127.0.0.1","level":"info","method":"GET","service":"premier-erp","statusCode":200,"timestamp":"2025-09-27T14:35:07.864Z","url":"/src/components/FieldProtectedContent.tsx","userAgent":"Mozilla/5.0 (Windows NT 10.0; Win64; x64) AppleWebKit/537.36 (KHTML, like Gecko) Chrome/140.0.0.0 Safari/537.36 Edg/140.0.0.0"}
{"duration":"7ms","ip":"127.0.0.1","level":"info","method":"GET","service":"premier-erp","statusCode":200,"timestamp":"2025-09-27T14:35:07.869Z","url":"/src/components/orders/CustomerSearch.tsx","userAgent":"Mozilla/5.0 (Windows NT 10.0; Win64; x64) AppleWebKit/537.36 (KHTML, like Gecko) Chrome/140.0.0.0 Safari/537.36 Edg/140.0.0.0"}
{"duration":"10ms","ip":"127.0.0.1","level":"info","method":"GET","service":"premier-erp","statusCode":200,"timestamp":"2025-09-27T14:35:07.892Z","url":"/src/components/orders/ProductSearch.tsx","userAgent":"Mozilla/5.0 (Windows NT 10.0; Win64; x64) AppleWebKit/537.36 (KHTML, like Gecko) Chrome/140.0.0.0 Safari/537.36 Edg/140.0.0.0"}
{"duration":"11ms","ip":"127.0.0.1","level":"info","method":"GET","service":"premier-erp","statusCode":200,"timestamp":"2025-09-27T14:35:07.898Z","url":"/src/components/PrintableQuotation.tsx","userAgent":"Mozilla/5.0 (Windows NT 10.0; Win64; x64) AppleWebKit/537.36 (KHTML, like Gecko) Chrome/140.0.0.0 Safari/537.36 Edg/140.0.0.0"}
{"duration":"4ms","ip":"127.0.0.1","level":"info","method":"GET","service":"premier-erp","statusCode":200,"timestamp":"2025-09-27T14:35:07.942Z","url":"/@fs/C:/Users/hooda/OneDrive/Desktop/New%20folder%20(2)/2025_ERP/node_modules/.vite/deps/date-fns.js?v=162f1081","userAgent":"Mozilla/5.0 (Windows NT 10.0; Win64; x64) AppleWebKit/537.36 (KHTML, like Gecko) Chrome/140.0.0.0 Safari/537.36 Edg/140.0.0.0"}
{"duration":"6ms","ip":"127.0.0.1","level":"info","method":"GET","service":"premier-erp","statusCode":200,"timestamp":"2025-09-27T14:35:07.946Z","url":"/src/components/ui/calendar.tsx","userAgent":"Mozilla/5.0 (Windows NT 10.0; Win64; x64) AppleWebKit/537.36 (KHTML, like Gecko) Chrome/140.0.0.0 Safari/537.36 Edg/140.0.0.0"}
{"duration":"10ms","ip":"127.0.0.1","level":"info","method":"GET","service":"premier-erp","statusCode":200,"timestamp":"2025-09-27T14:35:07.954Z","url":"/@fs/C:/Users/hooda/OneDrive/Desktop/New%20folder%20(2)/2025_ERP/node_modules/.vite/deps/jsbarcode.js?v=885621d8","userAgent":"Mozilla/5.0 (Windows NT 10.0; Win64; x64) AppleWebKit/537.36 (KHTML, like Gecko) Chrome/140.0.0.0 Safari/537.36 Edg/140.0.0.0"}
{"duration":"1ms","ip":"127.0.0.1","level":"info","method":"GET","service":"premier-erp","statusCode":200,"timestamp":"2025-09-27T14:35:08.028Z","url":"/@fs/C:/Users/hooda/OneDrive/Desktop/New%20folder%20(2)/2025_ERP/attached_assets/hazard_0_0.png?import","userAgent":"Mozilla/5.0 (Windows NT 10.0; Win64; x64) AppleWebKit/537.36 (KHTML, like Gecko) Chrome/140.0.0.0 Safari/537.36 Edg/140.0.0.0"}
{"duration":"3ms","ip":"127.0.0.1","level":"info","method":"GET","service":"premier-erp","statusCode":200,"timestamp":"2025-09-27T14:35:08.034Z","url":"/@fs/C:/Users/hooda/OneDrive/Desktop/New%20folder%20(2)/2025_ERP/attached_assets/hazard_0_1.png?import","userAgent":"Mozilla/5.0 (Windows NT 10.0; Win64; x64) AppleWebKit/537.36 (KHTML, like Gecko) Chrome/140.0.0.0 Safari/537.36 Edg/140.0.0.0"}
{"duration":"2ms","ip":"127.0.0.1","level":"info","method":"GET","service":"premier-erp","statusCode":200,"timestamp":"2025-09-27T14:35:08.041Z","url":"/@fs/C:/Users/hooda/OneDrive/Desktop/New%20folder%20(2)/2025_ERP/attached_assets/hazard_0_2.png?import","userAgent":"Mozilla/5.0 (Windows NT 10.0; Win64; x64) AppleWebKit/537.36 (KHTML, like Gecko) Chrome/140.0.0.0 Safari/537.36 Edg/140.0.0.0"}
{"duration":"1ms","ip":"127.0.0.1","level":"info","method":"GET","service":"premier-erp","statusCode":200,"timestamp":"2025-09-27T14:35:08.052Z","url":"/@fs/C:/Users/hooda/OneDrive/Desktop/New%20folder%20(2)/2025_ERP/attached_assets/hazard_0_3.png?import","userAgent":"Mozilla/5.0 (Windows NT 10.0; Win64; x64) AppleWebKit/537.36 (KHTML, like Gecko) Chrome/140.0.0.0 Safari/537.36 Edg/140.0.0.0"}
{"duration":"2ms","ip":"127.0.0.1","level":"info","method":"GET","service":"premier-erp","statusCode":200,"timestamp":"2025-09-27T14:35:08.057Z","url":"/@fs/C:/Users/hooda/OneDrive/Desktop/New%20folder%20(2)/2025_ERP/attached_assets/hazard_0_4.png?import","userAgent":"Mozilla/5.0 (Windows NT 10.0; Win64; x64) AppleWebKit/537.36 (KHTML, like Gecko) Chrome/140.0.0.0 Safari/537.36 Edg/140.0.0.0"}
{"duration":"1ms","ip":"127.0.0.1","level":"info","method":"GET","service":"premier-erp","statusCode":200,"timestamp":"2025-09-27T14:35:08.059Z","url":"/@fs/C:/Users/hooda/OneDrive/Desktop/New%20folder%20(2)/2025_ERP/attached_assets/hazard_1_0.png?import","userAgent":"Mozilla/5.0 (Windows NT 10.0; Win64; x64) AppleWebKit/537.36 (KHTML, like Gecko) Chrome/140.0.0.0 Safari/537.36 Edg/140.0.0.0"}
{"duration":"1ms","ip":"127.0.0.1","level":"info","method":"GET","service":"premier-erp","statusCode":200,"timestamp":"2025-09-27T14:35:08.066Z","url":"/@fs/C:/Users/hooda/OneDrive/Desktop/New%20folder%20(2)/2025_ERP/attached_assets/hazard_1_1.png?import","userAgent":"Mozilla/5.0 (Windows NT 10.0; Win64; x64) AppleWebKit/537.36 (KHTML, like Gecko) Chrome/140.0.0.0 Safari/537.36 Edg/140.0.0.0"}
{"duration":"1ms","ip":"127.0.0.1","level":"info","method":"GET","service":"premier-erp","statusCode":200,"timestamp":"2025-09-27T14:35:08.075Z","url":"/@fs/C:/Users/hooda/OneDrive/Desktop/New%20folder%20(2)/2025_ERP/attached_assets/hazard_1_2.png?import","userAgent":"Mozilla/5.0 (Windows NT 10.0; Win64; x64) AppleWebKit/537.36 (KHTML, like Gecko) Chrome/140.0.0.0 Safari/537.36 Edg/140.0.0.0"}
{"duration":"1ms","ip":"127.0.0.1","level":"info","method":"GET","service":"premier-erp","statusCode":200,"timestamp":"2025-09-27T14:35:08.079Z","url":"/@fs/C:/Users/hooda/OneDrive/Desktop/New%20folder%20(2)/2025_ERP/attached_assets/hazard_1_3.png?import","userAgent":"Mozilla/5.0 (Windows NT 10.0; Win64; x64) AppleWebKit/537.36 (KHTML, like Gecko) Chrome/140.0.0.0 Safari/537.36 Edg/140.0.0.0"}
{"duration":"1ms","ip":"127.0.0.1","level":"info","method":"GET","service":"premier-erp","statusCode":200,"timestamp":"2025-09-27T14:35:08.082Z","url":"/@fs/C:/Users/hooda/OneDrive/Desktop/New%20folder%20(2)/2025_ERP/attached_assets/hazard_1_4.png?import","userAgent":"Mozilla/5.0 (Windows NT 10.0; Win64; x64) AppleWebKit/537.36 (KHTML, like Gecko) Chrome/140.0.0.0 Safari/537.36 Edg/140.0.0.0"}
{"duration":"3ms","ip":"127.0.0.1","level":"info","method":"GET","service":"premier-erp","statusCode":200,"timestamp":"2025-09-27T14:35:08.090Z","url":"/src/components/ui/radio-group.tsx","userAgent":"Mozilla/5.0 (Windows NT 10.0; Win64; x64) AppleWebKit/537.36 (KHTML, like Gecko) Chrome/140.0.0.0 Safari/537.36 Edg/140.0.0.0"}
{"duration":"2ms","ip":"127.0.0.1","level":"info","method":"GET","service":"premier-erp","statusCode":200,"timestamp":"2025-09-27T14:35:08.098Z","url":"/src/utils/formatters.ts","userAgent":"Mozilla/5.0 (Windows NT 10.0; Win64; x64) AppleWebKit/537.36 (KHTML, like Gecko) Chrome/140.0.0.0 Safari/537.36 Edg/140.0.0.0"}
{"duration":"3ms","ip":"127.0.0.1","level":"info","method":"GET","service":"premier-erp","statusCode":200,"timestamp":"2025-09-27T14:35:08.109Z","url":"/src/components/ui/alert.tsx","userAgent":"Mozilla/5.0 (Windows NT 10.0; Win64; x64) AppleWebKit/537.36 (KHTML, like Gecko) Chrome/140.0.0.0 Safari/537.36 Edg/140.0.0.0"}
{"duration":"3ms","ip":"127.0.0.1","level":"info","method":"GET","service":"premier-erp","statusCode":200,"timestamp":"2025-09-27T14:35:08.124Z","url":"/@fs/C:/Users/hooda/OneDrive/Desktop/New%20folder%20(2)/2025_ERP/node_modules/.vite/deps/@radix-ui_react-toast.js?v=c9f90bc5","userAgent":"Mozilla/5.0 (Windows NT 10.0; Win64; x64) AppleWebKit/537.36 (KHTML, like Gecko) Chrome/140.0.0.0 Safari/537.36 Edg/140.0.0.0"}
{"duration":"4ms","ip":"127.0.0.1","level":"info","method":"GET","service":"premier-erp","statusCode":200,"timestamp":"2025-09-27T14:35:08.149Z","url":"/@fs/C:/Users/hooda/OneDrive/Desktop/New%20folder%20(2)/2025_ERP/node_modules/.vite/deps/class-variance-authority.js?v=70f40bf3","userAgent":"Mozilla/5.0 (Windows NT 10.0; Win64; x64) AppleWebKit/537.36 (KHTML, like Gecko) Chrome/140.0.0.0 Safari/537.36 Edg/140.0.0.0"}
{"duration":"9ms","ip":"127.0.0.1","level":"info","method":"GET","service":"premier-erp","statusCode":200,"timestamp":"2025-09-27T14:35:08.155Z","url":"/@fs/C:/Users/hooda/OneDrive/Desktop/New%20folder%20(2)/2025_ERP/node_modules/.vite/deps/chunk-UPVX7IVH.js?v=18ad280d","userAgent":"Mozilla/5.0 (Windows NT 10.0; Win64; x64) AppleWebKit/537.36 (KHTML, like Gecko) Chrome/140.0.0.0 Safari/537.36 Edg/140.0.0.0"}
{"duration":"1ms","ip":"127.0.0.1","level":"info","method":"GET","service":"premier-erp","statusCode":200,"timestamp":"2025-09-27T14:35:08.166Z","url":"/@fs/C:/Users/hooda/OneDrive/Desktop/New%20folder%20(2)/2025_ERP/node_modules/.vite/deps/chunk-OLWLIEH3.js?v=18ad280d","userAgent":"Mozilla/5.0 (Windows NT 10.0; Win64; x64) AppleWebKit/537.36 (KHTML, like Gecko) Chrome/140.0.0.0 Safari/537.36 Edg/140.0.0.0"}
{"duration":"8ms","ip":"127.0.0.1","level":"info","method":"GET","service":"premier-erp","statusCode":200,"timestamp":"2025-09-27T14:35:08.172Z","url":"/@fs/C:/Users/hooda/OneDrive/Desktop/New%20folder%20(2)/2025_ERP/node_modules/.vite/deps/chunk-SD42OOGP.js?v=18ad280d","userAgent":"Mozilla/5.0 (Windows NT 10.0; Win64; x64) AppleWebKit/537.36 (KHTML, like Gecko) Chrome/140.0.0.0 Safari/537.36 Edg/140.0.0.0"}
{"duration":"18ms","ip":"127.0.0.1","level":"info","method":"GET","service":"premier-erp","statusCode":200,"timestamp":"2025-09-27T14:35:08.180Z","url":"/@fs/C:/Users/hooda/OneDrive/Desktop/New%20folder%20(2)/2025_ERP/node_modules/.vite/deps/chunk-ZL4O2VWE.js?v=18ad280d","userAgent":"Mozilla/5.0 (Windows NT 10.0; Win64; x64) AppleWebKit/537.36 (KHTML, like Gecko) Chrome/140.0.0.0 Safari/537.36 Edg/140.0.0.0"}
{"duration":"3ms","ip":"127.0.0.1","level":"info","method":"GET","service":"premier-erp","statusCode":200,"timestamp":"2025-09-27T14:35:08.193Z","url":"/@fs/C:/Users/hooda/OneDrive/Desktop/New%20folder%20(2)/2025_ERP/node_modules/.vite/deps/chunk-26AQ2U4J.js?v=18ad280d","userAgent":"Mozilla/5.0 (Windows NT 10.0; Win64; x64) AppleWebKit/537.36 (KHTML, like Gecko) Chrome/140.0.0.0 Safari/537.36 Edg/140.0.0.0"}
{"duration":"3ms","ip":"127.0.0.1","level":"info","method":"GET","service":"premier-erp","statusCode":200,"timestamp":"2025-09-27T14:35:08.200Z","url":"/@fs/C:/Users/hooda/OneDrive/Desktop/New%20folder%20(2)/2025_ERP/node_modules/.vite/deps/chunk-WIIJQEXM.js?v=18ad280d","userAgent":"Mozilla/5.0 (Windows NT 10.0; Win64; x64) AppleWebKit/537.36 (KHTML, like Gecko) Chrome/140.0.0.0 Safari/537.36 Edg/140.0.0.0"}
{"duration":"3ms","ip":"127.0.0.1","level":"info","method":"GET","service":"premier-erp","statusCode":200,"timestamp":"2025-09-27T14:35:08.209Z","url":"/@fs/C:/Users/hooda/OneDrive/Desktop/New%20folder%20(2)/2025_ERP/node_modules/.vite/deps/chunk-VRF373B3.js?v=18ad280d","userAgent":"Mozilla/5.0 (Windows NT 10.0; Win64; x64) AppleWebKit/537.36 (KHTML, like Gecko) Chrome/140.0.0.0 Safari/537.36 Edg/140.0.0.0"}
{"duration":"3ms","ip":"127.0.0.1","level":"info","method":"GET","service":"premier-erp","statusCode":200,"timestamp":"2025-09-27T14:35:08.222Z","url":"/@fs/C:/Users/hooda/OneDrive/Desktop/New%20folder%20(2)/2025_ERP/node_modules/.vite/deps/chunk-5AJU3CG7.js?v=18ad280d","userAgent":"Mozilla/5.0 (Windows NT 10.0; Win64; x64) AppleWebKit/537.36 (KHTML, like Gecko) Chrome/140.0.0.0 Safari/537.36 Edg/140.0.0.0"}
{"duration":"4ms","ip":"127.0.0.1","level":"info","method":"GET","service":"premier-erp","statusCode":200,"timestamp":"2025-09-27T14:35:08.247Z","url":"/@fs/C:/Users/hooda/OneDrive/Desktop/New%20folder%20(2)/2025_ERP/node_modules/.vite/deps/chunk-2K77HOHX.js?v=18ad280d","userAgent":"Mozilla/5.0 (Windows NT 10.0; Win64; x64) AppleWebKit/537.36 (KHTML, like Gecko) Chrome/140.0.0.0 Safari/537.36 Edg/140.0.0.0"}
{"duration":"13ms","ip":"127.0.0.1","level":"info","method":"GET","service":"premier-erp","statusCode":200,"timestamp":"2025-09-27T14:35:08.254Z","url":"/@fs/C:/Users/hooda/OneDrive/Desktop/New%20folder%20(2)/2025_ERP/node_modules/.vite/deps/chunk-AXMZZQ2X.js?v=18ad280d","userAgent":"Mozilla/5.0 (Windows NT 10.0; Win64; x64) AppleWebKit/537.36 (KHTML, like Gecko) Chrome/140.0.0.0 Safari/537.36 Edg/140.0.0.0"}
{"duration":"1ms","ip":"127.0.0.1","level":"info","method":"GET","service":"premier-erp","statusCode":200,"timestamp":"2025-09-27T14:35:08.265Z","url":"/@fs/C:/Users/hooda/OneDrive/Desktop/New%20folder%20(2)/2025_ERP/node_modules/.vite/deps/clsx.js?v=4a263b92","userAgent":"Mozilla/5.0 (Windows NT 10.0; Win64; x64) AppleWebKit/537.36 (KHTML, like Gecko) Chrome/140.0.0.0 Safari/537.36 Edg/140.0.0.0"}
{"duration":"1ms","ip":"127.0.0.1","level":"info","method":"GET","service":"premier-erp","statusCode":200,"timestamp":"2025-09-27T14:35:08.276Z","url":"/@fs/C:/Users/hooda/OneDrive/Desktop/New%20folder%20(2)/2025_ERP/node_modules/.vite/deps/@radix-ui_react-slot.js?v=c415865a","userAgent":"Mozilla/5.0 (Windows NT 10.0; Win64; x64) AppleWebKit/537.36 (KHTML, like Gecko) Chrome/140.0.0.0 Safari/537.36 Edg/140.0.0.0"}
{"duration":"12ms","ip":"127.0.0.1","level":"info","method":"GET","service":"premier-erp","statusCode":200,"timestamp":"2025-09-27T14:35:08.285Z","url":"/@fs/C:/Users/hooda/OneDrive/Desktop/New%20folder%20(2)/2025_ERP/node_modules/.vite/deps/tailwind-merge.js?v=46f864be","userAgent":"Mozilla/5.0 (Windows NT 10.0; Win64; x64) AppleWebKit/537.36 (KHTML, like Gecko) Chrome/140.0.0.0 Safari/537.36 Edg/140.0.0.0"}
{"duration":"6ms","ip":"127.0.0.1","level":"info","method":"GET","service":"premier-erp","statusCode":200,"timestamp":"2025-09-27T14:35:08.302Z","url":"/src/components/ui/avatar.tsx","userAgent":"Mozilla/5.0 (Windows NT 10.0; Win64; x64) AppleWebKit/537.36 (KHTML, like Gecko) Chrome/140.0.0.0 Safari/537.36 Edg/140.0.0.0"}
{"duration":"7ms","ip":"127.0.0.1","level":"info","method":"GET","service":"premier-erp","statusCode":200,"timestamp":"2025-09-27T14:35:08.306Z","url":"/@fs/C:/Users/hooda/OneDrive/Desktop/New%20folder%20(2)/2025_ERP/node_modules/.vite/deps/@radix-ui_react-dropdown-menu.js?v=e3c0070b","userAgent":"Mozilla/5.0 (Windows NT 10.0; Win64; x64) AppleWebKit/537.36 (KHTML, like Gecko) Chrome/140.0.0.0 Safari/537.36 Edg/140.0.0.0"}
{"duration":"7ms","ip":"127.0.0.1","level":"info","method":"GET","service":"premier-erp","statusCode":200,"timestamp":"2025-09-27T14:35:08.328Z","url":"/@fs/C:/Users/hooda/OneDrive/Desktop/New%20folder%20(2)/2025_ERP/node_modules/.vite/deps/jspdf-autotable.js?v=f4d5e86e","userAgent":"Mozilla/5.0 (Windows NT 10.0; Win64; x64) AppleWebKit/537.36 (KHTML, like Gecko) Chrome/140.0.0.0 Safari/537.36 Edg/140.0.0.0"}
{"duration":"12ms","ip":"127.0.0.1","level":"info","method":"GET","service":"premier-erp","statusCode":200,"timestamp":"2025-09-27T14:35:08.335Z","url":"/src/components/accounting/ChartOfAccounts.tsx","userAgent":"Mozilla/5.0 (Windows NT 10.0; Win64; x64) AppleWebKit/537.36 (KHTML, like Gecko) Chrome/140.0.0.0 Safari/537.36 Edg/140.0.0.0"}
{"duration":"7ms","ip":"127.0.0.1","level":"info","method":"GET","service":"premier-erp","statusCode":200,"timestamp":"2025-09-27T14:35:08.358Z","url":"/src/components/accounting/JournalEntries.tsx","userAgent":"Mozilla/5.0 (Windows NT 10.0; Win64; x64) AppleWebKit/537.36 (KHTML, like Gecko) Chrome/140.0.0.0 Safari/537.36 Edg/140.0.0.0"}
{"duration":"5ms","ip":"127.0.0.1","level":"info","method":"GET","service":"premier-erp","statusCode":200,"timestamp":"2025-09-27T14:35:08.373Z","url":"/src/components/accounting/ProfitAndLoss.tsx","userAgent":"Mozilla/5.0 (Windows NT 10.0; Win64; x64) AppleWebKit/537.36 (KHTML, like Gecko) Chrome/140.0.0.0 Safari/537.36 Edg/140.0.0.0"}
{"duration":"11ms","ip":"127.0.0.1","level":"info","method":"GET","service":"premier-erp","statusCode":200,"timestamp":"2025-09-27T14:35:08.390Z","url":"/src/components/accounting/BalanceSheet.tsx","userAgent":"Mozilla/5.0 (Windows NT 10.0; Win64; x64) AppleWebKit/537.36 (KHTML, like Gecko) Chrome/140.0.0.0 Safari/537.36 Edg/140.0.0.0"}
{"duration":"14ms","ip":"127.0.0.1","level":"info","method":"GET","service":"premier-erp","statusCode":200,"timestamp":"2025-09-27T14:35:08.399Z","url":"/src/components/accounting/CustomerPayments.tsx","userAgent":"Mozilla/5.0 (Windows NT 10.0; Win64; x64) AppleWebKit/537.36 (KHTML, like Gecko) Chrome/140.0.0.0 Safari/537.36 Edg/140.0.0.0"}
{"duration":"4ms","ip":"127.0.0.1","level":"info","method":"GET","service":"premier-erp","statusCode":200,"timestamp":"2025-09-27T14:35:08.426Z","url":"/src/components/accounting/FinancialIntegrationStatus.tsx","userAgent":"Mozilla/5.0 (Windows NT 10.0; Win64; x64) AppleWebKit/537.36 (KHTML, like Gecko) Chrome/140.0.0.0 Safari/537.36 Edg/140.0.0.0"}
{"duration":"14ms","ip":"127.0.0.1","level":"info","method":"GET","service":"premier-erp","statusCode":200,"timestamp":"2025-09-27T14:35:08.431Z","url":"/src/components/accounting/AccountingPeriods.tsx","userAgent":"Mozilla/5.0 (Windows NT 10.0; Win64; x64) AppleWebKit/537.36 (KHTML, like Gecko) Chrome/140.0.0.0 Safari/537.36 Edg/140.0.0.0"}
{"duration":"3ms","ip":"127.0.0.1","level":"info","method":"GET","service":"premier-erp","statusCode":200,"timestamp":"2025-09-27T14:35:08.447Z","url":"/@fs/C:/Users/hooda/OneDrive/Desktop/New%20folder%20(2)/2025_ERP/node_modules/.vite/deps/@radix-ui_react-dialog.js?v=c0ba7247","userAgent":"Mozilla/5.0 (Windows NT 10.0; Win64; x64) AppleWebKit/537.36 (KHTML, like Gecko) Chrome/140.0.0.0 Safari/537.36 Edg/140.0.0.0"}
{"duration":"12ms","ip":"127.0.0.1","level":"info","method":"GET","service":"premier-erp","statusCode":200,"timestamp":"2025-09-27T14:35:08.453Z","url":"/src/components/accounting/UnifiedAccountingDashboard.tsx","userAgent":"Mozilla/5.0 (Windows NT 10.0; Win64; x64) AppleWebKit/537.36 (KHTML, like Gecko) Chrome/140.0.0.0 Safari/537.36 Edg/140.0.0.0"}
{"duration":"13ms","ip":"127.0.0.1","level":"info","method":"GET","service":"premier-erp","statusCode":200,"timestamp":"2025-09-27T14:35:08.459Z","url":"/@fs/C:/Users/hooda/OneDrive/Desktop/New%20folder%20(2)/2025_ERP/node_modules/.vite/deps/@radix-ui_react-select.js?v=542b7a3c","userAgent":"Mozilla/5.0 (Windows NT 10.0; Win64; x64) AppleWebKit/537.36 (KHTML, like Gecko) Chrome/140.0.0.0 Safari/537.36 Edg/140.0.0.0"}
{"duration":"5ms","ip":"127.0.0.1","level":"info","method":"GET","service":"premier-erp","statusCode":200,"timestamp":"2025-09-27T14:35:08.481Z","url":"/@fs/C:/Users/hooda/OneDrive/Desktop/New%20folder%20(2)/2025_ERP/node_modules/.vite/deps/@radix-ui_react-label.js?v=80bfbe65","userAgent":"Mozilla/5.0 (Windows NT 10.0; Win64; x64) AppleWebKit/537.36 (KHTML, like Gecko) Chrome/140.0.0.0 Safari/537.36 Edg/140.0.0.0"}
{"duration":"10ms","ip":"127.0.0.1","level":"info","method":"GET","service":"premier-erp","statusCode":200,"timestamp":"2025-09-27T14:35:08.488Z","url":"/src/components/expenses/ReceiptDropzone.tsx","userAgent":"Mozilla/5.0 (Windows NT 10.0; Win64; x64) AppleWebKit/537.36 (KHTML, like Gecko) Chrome/140.0.0.0 Safari/537.36 Edg/140.0.0.0"}
{"duration":"14ms","ip":"127.0.0.1","level":"info","method":"GET","service":"premier-erp","statusCode":200,"timestamp":"2025-09-27T14:35:08.494Z","url":"/@fs/C:/Users/hooda/OneDrive/Desktop/New%20folder%20(2)/2025_ERP/node_modules/.vite/deps/@radix-ui_react-switch.js?v=d1f4151b","userAgent":"Mozilla/5.0 (Windows NT 10.0; Win64; x64) AppleWebKit/537.36 (KHTML, like Gecko) Chrome/140.0.0.0 Safari/537.36 Edg/140.0.0.0"}
{"duration":"7ms","ip":"127.0.0.1","level":"info","method":"GET","service":"premier-erp","statusCode":200,"timestamp":"2025-09-27T14:35:08.511Z","url":"/@fs/C:/Users/hooda/OneDrive/Desktop/New%20folder%20(2)/2025_ERP/node_modules/.vite/deps/@radix-ui_react-tabs.js?v=64d1aabe","userAgent":"Mozilla/5.0 (Windows NT 10.0; Win64; x64) AppleWebKit/537.36 (KHTML, like Gecko) Chrome/140.0.0.0 Safari/537.36 Edg/140.0.0.0"}
{"duration":"8ms","ip":"127.0.0.1","level":"info","method":"GET","service":"premier-erp","statusCode":200,"timestamp":"2025-09-27T14:35:08.516Z","url":"/@fs/C:/Users/hooda/OneDrive/Desktop/New%20folder%20(2)/2025_ERP/node_modules/.vite/deps/chunk-4BFJKWC4.js?v=18ad280d","userAgent":"Mozilla/5.0 (Windows NT 10.0; Win64; x64) AppleWebKit/537.36 (KHTML, like Gecko) Chrome/140.0.0.0 Safari/537.36 Edg/140.0.0.0"}
{"duration":"12ms","ip":"127.0.0.1","level":"info","method":"GET","service":"premier-erp","statusCode":200,"timestamp":"2025-09-27T14:35:08.521Z","url":"/src/lib/csv-utils.ts","userAgent":"Mozilla/5.0 (Windows NT 10.0; Win64; x64) AppleWebKit/537.36 (KHTML, like Gecko) Chrome/140.0.0.0 Safari/537.36 Edg/140.0.0.0"}
{"duration":"2ms","ip":"127.0.0.1","level":"info","method":"GET","service":"premier-erp","statusCode":200,"timestamp":"2025-09-27T14:35:08.537Z","url":"/src/components/ui/collapsible.tsx","userAgent":"Mozilla/5.0 (Windows NT 10.0; Win64; x64) AppleWebKit/537.36 (KHTML, like Gecko) Chrome/140.0.0.0 Safari/537.36 Edg/140.0.0.0"}
{"duration":"2ms","ip":"127.0.0.1","level":"info","method":"GET","service":"premier-erp","statusCode":200,"timestamp":"2025-09-27T14:35:08.588Z","url":"/@fs/C:/Users/hooda/OneDrive/Desktop/New%20folder%20(2)/2025_ERP/node_modules/.vite/deps/@radix-ui_react-separator.js?v=e51f8642","userAgent":"Mozilla/5.0 (Windows NT 10.0; Win64; x64) AppleWebKit/537.36 (KHTML, like Gecko) Chrome/140.0.0.0 Safari/537.36 Edg/140.0.0.0"}
{"duration":"7ms","ip":"127.0.0.1","level":"info","method":"GET","service":"premier-erp","statusCode":200,"timestamp":"2025-09-27T14:35:08.590Z","url":"/@fs/C:/Users/hooda/OneDrive/Desktop/New%20folder%20(2)/2025_ERP/node_modules/.vite/deps/@radix-ui_react-popover.js?v=8acedceb","userAgent":"Mozilla/5.0 (Windows NT 10.0; Win64; x64) AppleWebKit/537.36 (KHTML, like Gecko) Chrome/140.0.0.0 Safari/537.36 Edg/140.0.0.0"}
{"duration":"8ms","ip":"127.0.0.1","level":"info","method":"GET","service":"premier-erp","statusCode":200,"timestamp":"2025-09-27T14:35:08.593Z","url":"/@fs/C:/Users/hooda/OneDrive/Desktop/New%20folder%20(2)/2025_ERP/node_modules/.vite/deps/cmdk.js?v=7c9fbe5a","userAgent":"Mozilla/5.0 (Windows NT 10.0; Win64; x64) AppleWebKit/537.36 (KHTML, like Gecko) Chrome/140.0.0.0 Safari/537.36 Edg/140.0.0.0"}
{"duration":"1ms","ip":"127.0.0.1","level":"info","method":"GET","service":"premier-erp","statusCode":200,"timestamp":"2025-09-27T14:35:08.609Z","url":"/@fs/C:/Users/hooda/OneDrive/Desktop/New%20folder%20(2)/2025_ERP/node_modules/.vite/deps/chunk-U7P2NEEE.js?v=18ad280d","userAgent":"Mozilla/5.0 (Windows NT 10.0; Win64; x64) AppleWebKit/537.36 (KHTML, like Gecko) Chrome/140.0.0.0 Safari/537.36 Edg/140.0.0.0"}
{"duration":"2ms","ip":"127.0.0.1","level":"info","method":"GET","service":"premier-erp","statusCode":200,"timestamp":"2025-09-27T14:35:08.615Z","url":"/@fs/C:/Users/hooda/OneDrive/Desktop/New%20folder%20(2)/2025_ERP/node_modules/.vite/deps/@radix-ui_react-checkbox.js?v=0e6ab216","userAgent":"Mozilla/5.0 (Windows NT 10.0; Win64; x64) AppleWebKit/537.36 (KHTML, like Gecko) Chrome/140.0.0.0 Safari/537.36 Edg/140.0.0.0"}
{"duration":"1ms","ip":"127.0.0.1","level":"info","method":"GET","service":"premier-erp","statusCode":200,"timestamp":"2025-09-27T14:35:08.625Z","url":"/@fs/C:/Users/hooda/OneDrive/Desktop/New%20folder%20(2)/2025_ERP/node_modules/.vite/deps/chunk-D7ZASVPN.js?v=18ad280d","userAgent":"Mozilla/5.0 (Windows NT 10.0; Win64; x64) AppleWebKit/537.36 (KHTML, like Gecko) Chrome/140.0.0.0 Safari/537.36 Edg/140.0.0.0"}
{"duration":"8ms","ip":"127.0.0.1","level":"info","method":"GET","service":"premier-erp","statusCode":200,"timestamp":"2025-09-27T14:35:08.631Z","url":"/src/hooks/use-field-permissions.ts","userAgent":"Mozilla/5.0 (Windows NT 10.0; Win64; x64) AppleWebKit/537.36 (KHTML, like Gecko) Chrome/140.0.0.0 Safari/537.36 Edg/140.0.0.0"}
{"duration":"1ms","ip":"127.0.0.1","level":"info","method":"GET","service":"premier-erp","statusCode":200,"timestamp":"2025-09-27T14:35:08.639Z","url":"/@fs/C:/Users/hooda/OneDrive/Desktop/New%20folder%20(2)/2025_ERP/attached_assets/P_1749320448134.png?import","userAgent":"Mozilla/5.0 (Windows NT 10.0; Win64; x64) AppleWebKit/537.36 (KHTML, like Gecko) Chrome/140.0.0.0 Safari/537.36 Edg/140.0.0.0"}
{"duration":"21ms","ip":"127.0.0.1","level":"info","method":"GET","service":"premier-erp","statusCode":200,"timestamp":"2025-09-27T14:35:08.675Z","url":"/@fs/C:/Users/hooda/OneDrive/Desktop/New%20folder%20(2)/2025_ERP/node_modules/.vite/deps/chunk-6PJ6ZD5Z.js?v=18ad280d","userAgent":"Mozilla/5.0 (Windows NT 10.0; Win64; x64) AppleWebKit/537.36 (KHTML, like Gecko) Chrome/140.0.0.0 Safari/537.36 Edg/140.0.0.0"}
{"duration":"16ms","ip":"127.0.0.1","level":"info","method":"GET","service":"premier-erp","statusCode":200,"timestamp":"2025-09-27T14:35:08.685Z","url":"/@fs/C:/Users/hooda/OneDrive/Desktop/New%20folder%20(2)/2025_ERP/node_modules/.vite/deps/@radix-ui_react-radio-group.js?v=2f45b072","userAgent":"Mozilla/5.0 (Windows NT 10.0; Win64; x64) AppleWebKit/537.36 (KHTML, like Gecko) Chrome/140.0.0.0 Safari/537.36 Edg/140.0.0.0"}
{"duration":"42ms","ip":"127.0.0.1","level":"info","method":"GET","service":"premier-erp","statusCode":200,"timestamp":"2025-09-27T14:35:08.699Z","url":"/@fs/C:/Users/hooda/OneDrive/Desktop/New%20folder%20(2)/2025_ERP/node_modules/.vite/deps/react-day-picker.js?v=a4cf23ac","userAgent":"Mozilla/5.0 (Windows NT 10.0; Win64; x64) AppleWebKit/537.36 (KHTML, like Gecko) Chrome/140.0.0.0 Safari/537.36 Edg/140.0.0.0"}
{"duration":"2ms","ip":"127.0.0.1","level":"info","method":"GET","service":"premier-erp","statusCode":200,"timestamp":"2025-09-27T14:35:08.714Z","url":"/@fs/C:/Users/hooda/OneDrive/Desktop/New%20folder%20(2)/2025_ERP/node_modules/.vite/deps/chunk-I6MJRFJY.js?v=18ad280d","userAgent":"Mozilla/5.0 (Windows NT 10.0; Win64; x64) AppleWebKit/537.36 (KHTML, like Gecko) Chrome/140.0.0.0 Safari/537.36 Edg/140.0.0.0"}
{"duration":"1ms","ip":"127.0.0.1","level":"info","method":"GET","service":"premier-erp","statusCode":200,"timestamp":"2025-09-27T14:35:08.723Z","url":"/@fs/C:/Users/hooda/OneDrive/Desktop/New%20folder%20(2)/2025_ERP/node_modules/.vite/deps/@radix-ui_react-avatar.js?v=0ad0cdd6","userAgent":"Mozilla/5.0 (Windows NT 10.0; Win64; x64) AppleWebKit/537.36 (KHTML, like Gecko) Chrome/140.0.0.0 Safari/537.36 Edg/140.0.0.0"}
{"duration":"3ms","ip":"127.0.0.1","level":"info","method":"GET","service":"premier-erp","statusCode":200,"timestamp":"2025-09-27T14:35:08.737Z","url":"/@fs/C:/Users/hooda/OneDrive/Desktop/New%20folder%20(2)/2025_ERP/node_modules/.vite/deps/chunk-2ND2CG6Q.js?v=18ad280d","userAgent":"Mozilla/5.0 (Windows NT 10.0; Win64; x64) AppleWebKit/537.36 (KHTML, like Gecko) Chrome/140.0.0.0 Safari/537.36 Edg/140.0.0.0"}
{"duration":"6ms","ip":"127.0.0.1","level":"info","method":"GET","service":"premier-erp","statusCode":200,"timestamp":"2025-09-27T14:35:08.741Z","url":"/@fs/C:/Users/hooda/OneDrive/Desktop/New%20folder%20(2)/2025_ERP/node_modules/.vite/deps/chunk-UDJZONCO.js?v=18ad280d","userAgent":"Mozilla/5.0 (Windows NT 10.0; Win64; x64) AppleWebKit/537.36 (KHTML, like Gecko) Chrome/140.0.0.0 Safari/537.36 Edg/140.0.0.0"}
{"duration":"1ms","ip":"127.0.0.1","level":"info","method":"GET","service":"premier-erp","statusCode":200,"timestamp":"2025-09-27T14:35:08.758Z","url":"/@fs/C:/Users/hooda/OneDrive/Desktop/New%20folder%20(2)/2025_ERP/node_modules/.vite/deps/chunk-4RO2SXZU.js?v=18ad280d","userAgent":"Mozilla/5.0 (Windows NT 10.0; Win64; x64) AppleWebKit/537.36 (KHTML, like Gecko) Chrome/140.0.0.0 Safari/537.36 Edg/140.0.0.0"}
{"duration":"3ms","ip":"127.0.0.1","level":"info","method":"GET","service":"premier-erp","statusCode":200,"timestamp":"2025-09-27T14:35:08.827Z","url":"/@fs/C:/Users/hooda/OneDrive/Desktop/New%20folder%20(2)/2025_ERP/node_modules/.vite/deps/chunk-WJHODHM3.js?v=18ad280d","userAgent":"Mozilla/5.0 (Windows NT 10.0; Win64; x64) AppleWebKit/537.36 (KHTML, like Gecko) Chrome/140.0.0.0 Safari/537.36 Edg/140.0.0.0"}
{"duration":"1ms","ip":"127.0.0.1","level":"info","method":"GET","service":"premier-erp","statusCode":200,"timestamp":"2025-09-27T14:35:08.834Z","url":"/@fs/C:/Users/hooda/OneDrive/Desktop/New%20folder%20(2)/2025_ERP/node_modules/.vite/deps/chunk-43G6IMPT.js?v=18ad280d","userAgent":"Mozilla/5.0 (Windows NT 10.0; Win64; x64) AppleWebKit/537.36 (KHTML, like Gecko) Chrome/140.0.0.0 Safari/537.36 Edg/140.0.0.0"}
{"duration":"8ms","ip":"127.0.0.1","level":"info","method":"GET","service":"premier-erp","statusCode":200,"timestamp":"2025-09-27T14:35:08.840Z","url":"/src/hooks/use-accounting-integration.ts","userAgent":"Mozilla/5.0 (Windows NT 10.0; Win64; x64) AppleWebKit/537.36 (KHTML, like Gecko) Chrome/140.0.0.0 Safari/537.36 Edg/140.0.0.0"}
{"duration":"2ms","ip":"127.0.0.1","level":"info","method":"GET","service":"premier-erp","statusCode":200,"timestamp":"2025-09-27T14:35:08.853Z","url":"/@fs/C:/Users/hooda/OneDrive/Desktop/New%20folder%20(2)/2025_ERP/node_modules/.vite/deps/@radix-ui_react-collapsible.js?v=75617bf7","userAgent":"Mozilla/5.0 (Windows NT 10.0; Win64; x64) AppleWebKit/537.36 (KHTML, like Gecko) Chrome/140.0.0.0 Safari/537.36 Edg/140.0.0.0"}
{"duration":"37ms","ip":"127.0.0.1","level":"info","method":"GET","service":"premier-erp","statusCode":200,"timestamp":"2025-09-27T14:35:08.880Z","url":"/@fs/C:/Users/hooda/OneDrive/Desktop/New%20folder%20(2)/2025_ERP/node_modules/.vite/deps/xlsx.js?v=cfd3c00c","userAgent":"Mozilla/5.0 (Windows NT 10.0; Win64; x64) AppleWebKit/537.36 (KHTML, like Gecko) Chrome/140.0.0.0 Safari/537.36 Edg/140.0.0.0"}
{"duration":"8ms","ip":"127.0.0.1","level":"info","method":"GET","service":"premier-erp","statusCode":200,"timestamp":"2025-09-27T14:35:09.410Z","url":"/api/orders","userAgent":"Mozilla/5.0 (Windows NT 10.0; Win64; x64) AppleWebKit/537.36 (KHTML, like Gecko) Chrome/140.0.0.0 Safari/537.36 Edg/140.0.0.0"}
{"level":"info","message":"New database client connected","service":"premier-erp","timestamp":"2025-09-27T14:35:09.464Z"}
{"level":"info","message":"New database client connected","service":"premier-erp","timestamp":"2025-09-27T14:35:09.478Z"}
{"duration":"174ms","ip":"127.0.0.1","level":"info","method":"GET","service":"premier-erp","statusCode":200,"timestamp":"2025-09-27T14:35:09.552Z","url":"/api/inventory/summary","userAgent":"Mozilla/5.0 (Windows NT 10.0; Win64; x64) AppleWebKit/537.36 (KHTML, like Gecko) Chrome/140.0.0.0 Safari/537.36 Edg/140.0.0.0"}
{"duration":"168ms","ip":"127.0.0.1","level":"info","method":"GET","service":"premier-erp","statusCode":200,"timestamp":"2025-09-27T14:35:09.567Z","url":"/api/unified/invoices","userAgent":"Mozilla/5.0 (Windows NT 10.0; Win64; x64) AppleWebKit/537.36 (KHTML, like Gecko) Chrome/140.0.0.0 Safari/537.36 Edg/140.0.0.0"}
{"duration":"191ms","ip":"127.0.0.1","level":"info","method":"GET","service":"premier-erp","statusCode":200,"timestamp":"2025-09-27T14:35:09.577Z","url":"/api/inventory/low-stock","userAgent":"Mozilla/5.0 (Windows NT 10.0; Win64; x64) AppleWebKit/537.36 (KHTML, like Gecko) Chrome/140.0.0.0 Safari/537.36 Edg/140.0.0.0"}
{"duration":"184ms","ip":"127.0.0.1","level":"info","method":"GET","service":"premier-erp","statusCode":200,"timestamp":"2025-09-27T14:35:09.580Z","url":"/api/inventory/expiring","userAgent":"Mozilla/5.0 (Windows NT 10.0; Win64; x64) AppleWebKit/537.36 (KHTML, like Gecko) Chrome/140.0.0.0 Safari/537.36 Edg/140.0.0.0"}
{"duration":"9ms","ip":"127.0.0.1","level":"info","method":"GET","service":"premier-erp","statusCode":200,"timestamp":"2025-09-27T14:35:11.493Z","url":"/","userAgent":"Mozilla/5.0 (Windows NT 10.0; Win64; x64) AppleWebKit/537.36 (KHTML, like Gecko) Chrome/140.0.0.0 Safari/537.36 Edg/140.0.0.0"}
{"duration":"6ms","ip":"127.0.0.1","level":"info","method":"GET","service":"premier-erp","statusCode":304,"timestamp":"2025-09-27T14:35:21.915Z","url":"/api/inventory/summary","userAgent":"Mozilla/5.0 (Windows NT 10.0; Win64; x64) AppleWebKit/537.36 (KHTML, like Gecko) Chrome/140.0.0.0 Safari/537.36 Edg/140.0.0.0"}
{"duration":"3ms","ip":"127.0.0.1","level":"info","method":"GET","service":"premier-erp","statusCode":304,"timestamp":"2025-09-27T14:35:21.982Z","url":"/api/orders","userAgent":"Mozilla/5.0 (Windows NT 10.0; Win64; x64) AppleWebKit/537.36 (KHTML, like Gecko) Chrome/140.0.0.0 Safari/537.36 Edg/140.0.0.0"}
{"duration":"28ms","ip":"127.0.0.1","level":"info","method":"GET","service":"premier-erp","statusCode":304,"timestamp":"2025-09-27T14:35:21.986Z","url":"/api/inventory/low-stock","userAgent":"Mozilla/5.0 (Windows NT 10.0; Win64; x64) AppleWebKit/537.36 (KHTML, like Gecko) Chrome/140.0.0.0 Safari/537.36 Edg/140.0.0.0"}
{"duration":"30ms","ip":"127.0.0.1","level":"info","method":"GET","service":"premier-erp","statusCode":304,"timestamp":"2025-09-27T14:35:21.990Z","url":"/api/inventory/expiring","userAgent":"Mozilla/5.0 (Windows NT 10.0; Win64; x64) AppleWebKit/537.36 (KHTML, like Gecko) Chrome/140.0.0.0 Safari/537.36 Edg/140.0.0.0"}
{"duration":"22ms","ip":"127.0.0.1","level":"info","method":"GET","service":"premier-erp","statusCode":304,"timestamp":"2025-09-27T14:35:21.994Z","url":"/api/unified/invoices","userAgent":"Mozilla/5.0 (Windows NT 10.0; Win64; x64) AppleWebKit/537.36 (KHTML, like Gecko) Chrome/140.0.0.0 Safari/537.36 Edg/140.0.0.0"}
{"duration":"3ms","ip":"127.0.0.1","level":"info","method":"GET","service":"premier-erp","statusCode":304,"timestamp":"2025-09-27T14:35:39.029Z","url":"/api/orders","userAgent":"Mozilla/5.0 (Windows NT 10.0; Win64; x64) AppleWebKit/537.36 (KHTML, like Gecko) Chrome/140.0.0.0 Safari/537.36 Edg/140.0.0.0"}
{"duration":"31ms","ip":"127.0.0.1","level":"info","method":"GET","service":"premier-erp","statusCode":304,"timestamp":"2025-09-27T14:35:39.036Z","url":"/api/inventory/summary","userAgent":"Mozilla/5.0 (Windows NT 10.0; Win64; x64) AppleWebKit/537.36 (KHTML, like Gecko) Chrome/140.0.0.0 Safari/537.36 Edg/140.0.0.0"}
{"duration":"38ms","ip":"127.0.0.1","level":"info","method":"GET","service":"premier-erp","statusCode":304,"timestamp":"2025-09-27T14:35:39.050Z","url":"/api/inventory/low-stock","userAgent":"Mozilla/5.0 (Windows NT 10.0; Win64; x64) AppleWebKit/537.36 (KHTML, like Gecko) Chrome/140.0.0.0 Safari/537.36 Edg/140.0.0.0"}
{"duration":"50ms","ip":"127.0.0.1","level":"info","method":"GET","service":"premier-erp","statusCode":304,"timestamp":"2025-09-27T14:35:39.067Z","url":"/api/inventory/expiring","userAgent":"Mozilla/5.0 (Windows NT 10.0; Win64; x64) AppleWebKit/537.36 (KHTML, like Gecko) Chrome/140.0.0.0 Safari/537.36 Edg/140.0.0.0"}
{"duration":"94ms","ip":"127.0.0.1","level":"info","method":"GET","service":"premier-erp","statusCode":304,"timestamp":"2025-09-27T14:35:39.114Z","url":"/api/unified/invoices","userAgent":"Mozilla/5.0 (Windows NT 10.0; Win64; x64) AppleWebKit/537.36 (KHTML, like Gecko) Chrome/140.0.0.0 Safari/537.36 Edg/140.0.0.0"}
{"level":"info","message":"Database client removed from pool","service":"premier-erp","timestamp":"2025-09-27T14:36:09.053Z"}
{"level":"info","message":"Database client removed from pool","service":"premier-erp","timestamp":"2025-09-27T14:36:09.057Z"}
{"level":"info","message":"Database client removed from pool","service":"premier-erp","timestamp":"2025-09-27T14:36:09.127Z"}
{"duration":"2ms","ip":"127.0.0.1","level":"info","method":"GET","service":"premier-erp","statusCode":304,"timestamp":"2025-09-27T14:36:12.205Z","url":"/api/orders","userAgent":"Mozilla/5.0 (Windows NT 10.0; Win64; x64) AppleWebKit/537.36 (KHTML, like Gecko) Chrome/140.0.0.0 Safari/537.36 Edg/140.0.0.0"}
{"level":"info","message":"New database client connected","service":"premier-erp","timestamp":"2025-09-27T14:36:12.406Z"}
{"level":"info","message":"New database client connected","service":"premier-erp","timestamp":"2025-09-27T14:36:12.409Z"}
{"duration":"222ms","ip":"127.0.0.1","level":"info","method":"GET","service":"premier-erp","statusCode":304,"timestamp":"2025-09-27T14:36:12.418Z","url":"/api/inventory/low-stock","userAgent":"Mozilla/5.0 (Windows NT 10.0; Win64; x64) AppleWebKit/537.36 (KHTML, like Gecko) Chrome/140.0.0.0 Safari/537.36 Edg/140.0.0.0"}
{"duration":"229ms","ip":"127.0.0.1","level":"info","method":"GET","service":"premier-erp","statusCode":304,"timestamp":"2025-09-27T14:36:12.430Z","url":"/api/unified/invoices","userAgent":"Mozilla/5.0 (Windows NT 10.0; Win64; x64) AppleWebKit/537.36 (KHTML, like Gecko) Chrome/140.0.0.0 Safari/537.36 Edg/140.0.0.0"}
{"level":"info","message":"New database client connected","service":"premier-erp","timestamp":"2025-09-27T14:36:12.438Z"}
{"duration":"241ms","ip":"127.0.0.1","level":"info","method":"GET","service":"premier-erp","statusCode":304,"timestamp":"2025-09-27T14:36:12.439Z","url":"/api/inventory/expiring","userAgent":"Mozilla/5.0 (Windows NT 10.0; Win64; x64) AppleWebKit/537.36 (KHTML, like Gecko) Chrome/140.0.0.0 Safari/537.36 Edg/140.0.0.0"}
{"duration":"250ms","ip":"127.0.0.1","level":"info","method":"GET","service":"premier-erp","statusCode":304,"timestamp":"2025-09-27T14:36:12.444Z","url":"/api/inventory/summary","userAgent":"Mozilla/5.0 (Windows NT 10.0; Win64; x64) AppleWebKit/537.36 (KHTML, like Gecko) Chrome/140.0.0.0 Safari/537.36 Edg/140.0.0.0"}
{"duration":"14ms","ip":"127.0.0.1","level":"info","method":"GET","service":"premier-erp","statusCode":304,"timestamp":"2025-09-27T14:36:23.124Z","url":"/api/inventory/summary","userAgent":"Mozilla/5.0 (Windows NT 10.0; Win64; x64) AppleWebKit/537.36 (KHTML, like Gecko) Chrome/140.0.0.0 Safari/537.36 Edg/140.0.0.0"}
{"duration":"21ms","ip":"127.0.0.1","level":"info","method":"GET","service":"premier-erp","statusCode":304,"timestamp":"2025-09-27T14:36:23.134Z","url":"/api/inventory/low-stock","userAgent":"Mozilla/5.0 (Windows NT 10.0; Win64; x64) AppleWebKit/537.36 (KHTML, like Gecko) Chrome/140.0.0.0 Safari/537.36 Edg/140.0.0.0"}
{"duration":"21ms","ip":"127.0.0.1","level":"info","method":"GET","service":"premier-erp","statusCode":304,"timestamp":"2025-09-27T14:36:23.140Z","url":"/api/inventory/expiring","userAgent":"Mozilla/5.0 (Windows NT 10.0; Win64; x64) AppleWebKit/537.36 (KHTML, like Gecko) Chrome/140.0.0.0 Safari/537.36 Edg/140.0.0.0"}
{"duration":"22ms","ip":"127.0.0.1","level":"info","method":"GET","service":"premier-erp","statusCode":304,"timestamp":"2025-09-27T14:36:23.143Z","url":"/api/unified/invoices","userAgent":"Mozilla/5.0 (Windows NT 10.0; Win64; x64) AppleWebKit/537.36 (KHTML, like Gecko) Chrome/140.0.0.0 Safari/537.36 Edg/140.0.0.0"}
{"duration":"1ms","ip":"127.0.0.1","level":"info","method":"GET","service":"premier-erp","statusCode":304,"timestamp":"2025-09-27T14:36:23.153Z","url":"/api/orders","userAgent":"Mozilla/5.0 (Windows NT 10.0; Win64; x64) AppleWebKit/537.36 (KHTML, like Gecko) Chrome/140.0.0.0 Safari/537.36 Edg/140.0.0.0"}
{"level":"info","message":"Database client removed from pool","service":"premier-erp","timestamp":"2025-09-27T14:36:53.143Z"}
{"level":"info","message":"Database client removed from pool","service":"premier-erp","timestamp":"2025-09-27T14:36:53.145Z"}
{"level":"info","message":"Database client removed from pool","service":"premier-erp","timestamp":"2025-09-27T14:36:53.155Z"}
{"duration":"4ms","ip":"127.0.0.1","level":"info","method":"GET","service":"premier-erp","statusCode":304,"timestamp":"2025-09-27T14:37:57.324Z","url":"/api/orders","userAgent":"Mozilla/5.0 (Windows NT 10.0; Win64; x64) AppleWebKit/537.36 (KHTML, like Gecko) Chrome/140.0.0.0 Safari/537.36 Edg/140.0.0.0"}
{"level":"info","message":"New database client connected","service":"premier-erp","timestamp":"2025-09-27T14:37:57.536Z"}
{"duration":"260ms","ip":"127.0.0.1","level":"info","method":"GET","service":"premier-erp","statusCode":304,"timestamp":"2025-09-27T14:37:57.554Z","url":"/api/inventory/summary","userAgent":"Mozilla/5.0 (Windows NT 10.0; Win64; x64) AppleWebKit/537.36 (KHTML, like Gecko) Chrome/140.0.0.0 Safari/537.36 Edg/140.0.0.0"}
{"duration":"255ms","ip":"127.0.0.1","level":"info","method":"GET","service":"premier-erp","statusCode":304,"timestamp":"2025-09-27T14:37:57.573Z","url":"/api/unified/invoices","userAgent":"Mozilla/5.0 (Windows NT 10.0; Win64; x64) AppleWebKit/537.36 (KHTML, like Gecko) Chrome/140.0.0.0 Safari/537.36 Edg/140.0.0.0"}
{"level":"info","message":"New database client connected","service":"premier-erp","timestamp":"2025-09-27T14:37:57.603Z"}
{"duration":"328ms","ip":"127.0.0.1","level":"info","method":"GET","service":"premier-erp","statusCode":304,"timestamp":"2025-09-27T14:37:57.639Z","url":"/api/inventory/low-stock","userAgent":"Mozilla/5.0 (Windows NT 10.0; Win64; x64) AppleWebKit/537.36 (KHTML, like Gecko) Chrome/140.0.0.0 Safari/537.36 Edg/140.0.0.0"}
{"level":"info","message":"New database client connected","service":"premier-erp","timestamp":"2025-09-27T14:37:57.689Z"}
{"duration":"384ms","ip":"127.0.0.1","level":"info","method":"GET","service":"premier-erp","statusCode":304,"timestamp":"2025-09-27T14:37:57.699Z","url":"/api/inventory/expiring","userAgent":"Mozilla/5.0 (Windows NT 10.0; Win64; x64) AppleWebKit/537.36 (KHTML, like Gecko) Chrome/140.0.0.0 Safari/537.36 Edg/140.0.0.0"}
{"level":"info","message":"Starting memory cleanup...","service":"premier-erp","timestamp":"2025-09-27T14:38:23.884Z"}
{"level":"info","message":"Database pool before cleanup: Total=3, Idle=3","service":"premier-erp","timestamp":"2025-09-27T14:38:23.904Z"}
{"level":"info","message":"Database connections cleaned up","service":"premier-erp","timestamp":"2025-09-27T14:38:23.910Z"}
{"after":{"process":{"arrayBuffers":9,"external":24,"heapTotal":177,"heapUsed":171,"rss":207},"system":{"freeMB":1221,"totalMB":8067,"usagePercent":85,"usedMB":6845}},"before":{"process":{"arrayBuffers":9,"external":24,"heapTotal":177,"heapUsed":171,"rss":208},"system":{"freeMB":1181,"totalMB":8067,"usagePercent":85,"usedMB":6886}},"level":"info","message":"Memory cleanup completed","saved":{"heapMB":0,"systemMB":41},"service":"premier-erp","timestamp":"2025-09-27T14:38:24.935Z"}
{"level":"info","message":"Database client removed from pool","service":"premier-erp","timestamp":"2025-09-27T14:38:27.579Z"}
{"level":"info","message":"Database client removed from pool","service":"premier-erp","timestamp":"2025-09-27T14:38:27.642Z"}
{"level":"info","message":"Database client removed from pool","service":"premier-erp","timestamp":"2025-09-27T14:38:53.913Z"}
{"duration":"1ms","ip":"127.0.0.1","level":"info","method":"GET","service":"premier-erp","statusCode":304,"timestamp":"2025-09-27T14:39:38.350Z","url":"/api/orders","userAgent":"Mozilla/5.0 (Windows NT 10.0; Win64; x64) AppleWebKit/537.36 (KHTML, like Gecko) Chrome/140.0.0.0 Safari/537.36 Edg/140.0.0.0"}
{"level":"info","message":"New database client connected","service":"premier-erp","timestamp":"2025-09-27T14:39:38.414Z"}
{"duration":"96ms","ip":"127.0.0.1","level":"info","method":"GET","service":"premier-erp","statusCode":304,"timestamp":"2025-09-27T14:39:38.432Z","url":"/api/inventory/summary","userAgent":"Mozilla/5.0 (Windows NT 10.0; Win64; x64) AppleWebKit/537.36 (KHTML, like Gecko) Chrome/140.0.0.0 Safari/537.36 Edg/140.0.0.0"}
{"level":"info","message":"New database client connected","service":"premier-erp","timestamp":"2025-09-27T14:39:38.435Z"}
{"duration":"91ms","ip":"127.0.0.1","level":"info","method":"GET","service":"premier-erp","statusCode":304,"timestamp":"2025-09-27T14:39:38.438Z","url":"/api/unified/invoices","userAgent":"Mozilla/5.0 (Windows NT 10.0; Win64; x64) AppleWebKit/537.36 (KHTML, like Gecko) Chrome/140.0.0.0 Safari/537.36 Edg/140.0.0.0"}
{"level":"info","message":"New database client connected","service":"premier-erp","timestamp":"2025-09-27T14:39:38.447Z"}
{"duration":"109ms","ip":"127.0.0.1","level":"info","method":"GET","service":"premier-erp","statusCode":304,"timestamp":"2025-09-27T14:39:38.450Z","url":"/api/inventory/low-stock","userAgent":"Mozilla/5.0 (Windows NT 10.0; Win64; x64) AppleWebKit/537.36 (KHTML, like Gecko) Chrome/140.0.0.0 Safari/537.36 Edg/140.0.0.0"}
{"duration":"112ms","ip":"127.0.0.1","level":"info","method":"GET","service":"premier-erp","statusCode":304,"timestamp":"2025-09-27T14:39:38.456Z","url":"/api/inventory/expiring","userAgent":"Mozilla/5.0 (Windows NT 10.0; Win64; x64) AppleWebKit/537.36 (KHTML, like Gecko) Chrome/140.0.0.0 Safari/537.36 Edg/140.0.0.0"}
{"level":"info","message":"Database client removed from pool","service":"premier-erp","timestamp":"2025-09-27T14:39:44.760Z"}
{"duration":"95ms","ip":"127.0.0.1","level":"warn","method":"POST","service":"premier-erp","statusCode":401,"timestamp":"2025-09-27T14:39:44.813Z","url":"/auth/login","userAgent":"Mozilla/5.0 (Windows NT 10.0; Win64; x64) AppleWebKit/537.36 (KHTML, like Gecko) Chrome/140.0.0.0 Safari/537.36 Edg/140.0.0.0"}
{"level":"info","message":"Database client removed from pool","service":"premier-erp","timestamp":"2025-09-27T14:40:08.445Z"}
{"level":"info","message":"Database client removed from pool","service":"premier-erp","timestamp":"2025-09-27T14:40:08.498Z"}
{"duration":"1ms","ip":"127.0.0.1","level":"info","method":"GET","service":"premier-erp","statusCode":304,"timestamp":"2025-09-27T14:40:12.892Z","url":"/api/orders","userAgent":"Mozilla/5.0 (Windows NT 10.0; Win64; x64) AppleWebKit/537.36 (KHTML, like Gecko) Chrome/140.0.0.0 Safari/537.36 Edg/140.0.0.0"}
{"level":"info","message":"New database client connected","service":"premier-erp","timestamp":"2025-09-27T14:40:12.960Z"}
{"duration":"88ms","ip":"127.0.0.1","level":"info","method":"GET","service":"premier-erp","statusCode":304,"timestamp":"2025-09-27T14:40:12.966Z","url":"/api/inventory/summary","userAgent":"Mozilla/5.0 (Windows NT 10.0; Win64; x64) AppleWebKit/537.36 (KHTML, like Gecko) Chrome/140.0.0.0 Safari/537.36 Edg/140.0.0.0"}
{"duration":"100ms","ip":"127.0.0.1","level":"info","method":"GET","service":"premier-erp","statusCode":304,"timestamp":"2025-09-27T14:40:12.989Z","url":"/api/unified/invoices","userAgent":"Mozilla/5.0 (Windows NT 10.0; Win64; x64) AppleWebKit/537.36 (KHTML, like Gecko) Chrome/140.0.0.0 Safari/537.36 Edg/140.0.0.0"}
{"level":"info","message":"New database client connected","service":"premier-erp","timestamp":"2025-09-27T14:40:12.997Z"}
{"duration":"121ms","ip":"127.0.0.1","level":"info","method":"GET","service":"premier-erp","statusCode":304,"timestamp":"2025-09-27T14:40:13.007Z","url":"/api/inventory/expiring","userAgent":"Mozilla/5.0 (Windows NT 10.0; Win64; x64) AppleWebKit/537.36 (KHTML, like Gecko) Chrome/140.0.0.0 Safari/537.36 Edg/140.0.0.0"}
{"level":"info","message":"New database client connected","service":"premier-erp","timestamp":"2025-09-27T14:40:13.035Z"}
{"duration":"157ms","ip":"127.0.0.1","level":"info","method":"GET","service":"premier-erp","statusCode":304,"timestamp":"2025-09-27T14:40:13.042Z","url":"/api/inventory/low-stock","userAgent":"Mozilla/5.0 (Windows NT 10.0; Win64; x64) AppleWebKit/537.36 (KHTML, like Gecko) Chrome/140.0.0.0 Safari/537.36 Edg/140.0.0.0"}
{"level":"info","message":"Database client removed from pool","service":"premier-erp","timestamp":"2025-09-27T14:40:42.995Z"}
{"level":"info","message":"Database client removed from pool","service":"premier-erp","timestamp":"2025-09-27T14:40:43.011Z"}
{"level":"info","message":"Database client removed from pool","service":"premier-erp","timestamp":"2025-09-27T14:40:43.043Z"}
{"duration":"1ms","ip":"127.0.0.1","level":"info","method":"GET","service":"premier-erp","statusCode":304,"timestamp":"2025-09-27T14:41:10.045Z","url":"/api/orders","userAgent":"Mozilla/5.0 (Windows NT 10.0; Win64; x64) AppleWebKit/537.36 (KHTML, like Gecko) Chrome/140.0.0.0 Safari/537.36 Edg/140.0.0.0"}
{"level":"info","message":"New database client connected","service":"premier-erp","timestamp":"2025-09-27T14:41:10.113Z"}
{"duration":"84ms","ip":"127.0.0.1","level":"info","method":"GET","service":"premier-erp","statusCode":304,"timestamp":"2025-09-27T14:41:10.122Z","url":"/api/inventory/low-stock","userAgent":"Mozilla/5.0 (Windows NT 10.0; Win64; x64) AppleWebKit/537.36 (KHTML, like Gecko) Chrome/140.0.0.0 Safari/537.36 Edg/140.0.0.0"}
{"duration":"86ms","ip":"127.0.0.1","level":"info","method":"GET","service":"premier-erp","statusCode":304,"timestamp":"2025-09-27T14:41:10.127Z","url":"/api/unified/invoices","userAgent":"Mozilla/5.0 (Windows NT 10.0; Win64; x64) AppleWebKit/537.36 (KHTML, like Gecko) Chrome/140.0.0.0 Safari/537.36 Edg/140.0.0.0"}
{"level":"info","message":"New database client connected","service":"premier-erp","timestamp":"2025-09-27T14:41:10.172Z"}
{"level":"info","message":"New database client connected","service":"premier-erp","timestamp":"2025-09-27T14:41:10.174Z"}
{"duration":"141ms","ip":"127.0.0.1","level":"info","method":"GET","service":"premier-erp","statusCode":304,"timestamp":"2025-09-27T14:41:10.177Z","url":"/api/inventory/summary","userAgent":"Mozilla/5.0 (Windows NT 10.0; Win64; x64) AppleWebKit/537.36 (KHTML, like Gecko) Chrome/140.0.0.0 Safari/537.36 Edg/140.0.0.0"}
{"duration":"144ms","ip":"127.0.0.1","level":"info","method":"GET","service":"premier-erp","statusCode":304,"timestamp":"2025-09-27T14:41:10.183Z","url":"/api/inventory/expiring","userAgent":"Mozilla/5.0 (Windows NT 10.0; Win64; x64) AppleWebKit/537.36 (KHTML, like Gecko) Chrome/140.0.0.0 Safari/537.36 Edg/140.0.0.0"}
{"duration":"0ms","ip":"127.0.0.1","level":"info","method":"GET","service":"premier-erp","statusCode":304,"timestamp":"2025-09-27T14:41:11.096Z","url":"/api/orders","userAgent":"Mozilla/5.0 (Windows NT 10.0; Win64; x64) AppleWebKit/537.36 (KHTML, like Gecko) Chrome/140.0.0.0 Safari/537.36 Edg/140.0.0.0"}
{"duration":"19ms","ip":"127.0.0.1","level":"info","method":"GET","service":"premier-erp","statusCode":304,"timestamp":"2025-09-27T14:41:11.104Z","url":"/api/inventory/summary","userAgent":"Mozilla/5.0 (Windows NT 10.0; Win64; x64) AppleWebKit/537.36 (KHTML, like Gecko) Chrome/140.0.0.0 Safari/537.36 Edg/140.0.0.0"}
{"duration":"23ms","ip":"127.0.0.1","level":"info","method":"GET","service":"premier-erp","statusCode":304,"timestamp":"2025-09-27T14:41:11.110Z","url":"/api/inventory/low-stock","userAgent":"Mozilla/5.0 (Windows NT 10.0; Win64; x64) AppleWebKit/537.36 (KHTML, like Gecko) Chrome/140.0.0.0 Safari/537.36 Edg/140.0.0.0"}
{"duration":"29ms","ip":"127.0.0.1","level":"info","method":"GET","service":"premier-erp","statusCode":304,"timestamp":"2025-09-27T14:41:11.118Z","url":"/api/inventory/expiring","userAgent":"Mozilla/5.0 (Windows NT 10.0; Win64; x64) AppleWebKit/537.36 (KHTML, like Gecko) Chrome/140.0.0.0 Safari/537.36 Edg/140.0.0.0"}
{"duration":"30ms","ip":"127.0.0.1","level":"info","method":"GET","service":"premier-erp","statusCode":304,"timestamp":"2025-09-27T14:41:11.123Z","url":"/api/unified/invoices","userAgent":"Mozilla/5.0 (Windows NT 10.0; Win64; x64) AppleWebKit/537.36 (KHTML, like Gecko) Chrome/140.0.0.0 Safari/537.36 Edg/140.0.0.0"}
{"level":"info","message":"Database client removed from pool","service":"premier-erp","timestamp":"2025-09-27T14:41:41.125Z"}
{"level":"info","message":"Database client removed from pool","service":"premier-erp","timestamp":"2025-09-27T14:41:41.126Z"}
{"level":"info","message":"Database client removed from pool","service":"premier-erp","timestamp":"2025-09-27T14:41:41.128Z"}
{"duration":"1ms","ip":"127.0.0.1","level":"info","method":"GET","service":"premier-erp","statusCode":304,"timestamp":"2025-09-27T14:42:26.319Z","url":"/api/orders","userAgent":"Mozilla/5.0 (Windows NT 10.0; Win64; x64) AppleWebKit/537.36 (KHTML, like Gecko) Chrome/140.0.0.0 Safari/537.36 Edg/140.0.0.0"}
{"level":"info","message":"New database client connected","service":"premier-erp","timestamp":"2025-09-27T14:42:26.391Z"}
{"level":"info","message":"New database client connected","service":"premier-erp","timestamp":"2025-09-27T14:42:26.394Z"}
{"duration":"118ms","ip":"127.0.0.1","level":"info","method":"GET","service":"premier-erp","statusCode":304,"timestamp":"2025-09-27T14:42:26.398Z","url":"/api/inventory/summary","userAgent":"Mozilla/5.0 (Windows NT 10.0; Win64; x64) AppleWebKit/537.36 (KHTML, like Gecko) Chrome/140.0.0.0 Safari/537.36 Edg/140.0.0.0"}
{"duration":"118ms","ip":"127.0.0.1","level":"info","method":"GET","service":"premier-erp","statusCode":304,"timestamp":"2025-09-27T14:42:26.402Z","url":"/api/inventory/low-stock","userAgent":"Mozilla/5.0 (Windows NT 10.0; Win64; x64) AppleWebKit/537.36 (KHTML, like Gecko) Chrome/140.0.0.0 Safari/537.36 Edg/140.0.0.0"}
{"duration":"90ms","ip":"127.0.0.1","level":"info","method":"GET","service":"premier-erp","statusCode":304,"timestamp":"2025-09-27T14:42:26.405Z","url":"/api/unified/invoices","userAgent":"Mozilla/5.0 (Windows NT 10.0; Win64; x64) AppleWebKit/537.36 (KHTML, like Gecko) Chrome/140.0.0.0 Safari/537.36 Edg/140.0.0.0"}
{"level":"info","message":"New database client connected","service":"premier-erp","timestamp":"2025-09-27T14:42:26.427Z"}
{"duration":"120ms","ip":"127.0.0.1","level":"info","method":"GET","service":"premier-erp","statusCode":304,"timestamp":"2025-09-27T14:42:26.432Z","url":"/api/inventory/expiring","userAgent":"Mozilla/5.0 (Windows NT 10.0; Win64; x64) AppleWebKit/537.36 (KHTML, like Gecko) Chrome/140.0.0.0 Safari/537.36 Edg/140.0.0.0"}
{"duration":"3ms","ip":"127.0.0.1","level":"info","method":"GET","service":"premier-erp","statusCode":304,"timestamp":"2025-09-27T14:42:48.448Z","url":"/api/inventory/summary","userAgent":"Mozilla/5.0 (Windows NT 10.0; Win64; x64) AppleWebKit/537.36 (KHTML, like Gecko) Chrome/140.0.0.0 Safari/537.36 Edg/140.0.0.0"}
{"duration":"3ms","ip":"127.0.0.1","level":"info","method":"GET","service":"premier-erp","statusCode":304,"timestamp":"2025-09-27T14:42:48.476Z","url":"/api/inventory/low-stock","userAgent":"Mozilla/5.0 (Windows NT 10.0; Win64; x64) AppleWebKit/537.36 (KHTML, like Gecko) Chrome/140.0.0.0 Safari/537.36 Edg/140.0.0.0"}
{"duration":"3ms","ip":"127.0.0.1","level":"info","method":"GET","service":"premier-erp","statusCode":304,"timestamp":"2025-09-27T14:42:48.541Z","url":"/api/inventory/expiring","userAgent":"Mozilla/5.0 (Windows NT 10.0; Win64; x64) AppleWebKit/537.36 (KHTML, like Gecko) Chrome/140.0.0.0 Safari/537.36 Edg/140.0.0.0"}
{"duration":"9ms","ip":"127.0.0.1","level":"info","method":"GET","service":"premier-erp","statusCode":304,"timestamp":"2025-09-27T14:42:48.629Z","url":"/api/unified/invoices","userAgent":"Mozilla/5.0 (Windows NT 10.0; Win64; x64) AppleWebKit/537.36 (KHTML, like Gecko) Chrome/140.0.0.0 Safari/537.36 Edg/140.0.0.0"}
{"duration":"1ms","ip":"127.0.0.1","level":"info","method":"GET","service":"premier-erp","statusCode":304,"timestamp":"2025-09-27T14:42:48.646Z","url":"/api/orders","userAgent":"Mozilla/5.0 (Windows NT 10.0; Win64; x64) AppleWebKit/537.36 (KHTML, like Gecko) Chrome/140.0.0.0 Safari/537.36 Edg/140.0.0.0"}
{"duration":"11ms","ip":"127.0.0.1","level":"warn","method":"POST","service":"premier-erp","statusCode":401,"timestamp":"2025-09-27T14:42:51.750Z","url":"/auth/login","userAgent":"Mozilla/5.0 (Windows NT 10.0; Win64; x64) AppleWebKit/537.36 (KHTML, like Gecko) Chrome/140.0.0.0 Safari/537.36 Edg/140.0.0.0"}
{"duration":"9ms","ip":"127.0.0.1","level":"warn","method":"POST","service":"premier-erp","statusCode":401,"timestamp":"2025-09-27T14:42:52.452Z","url":"/auth/login","userAgent":"Mozilla/5.0 (Windows NT 10.0; Win64; x64) AppleWebKit/537.36 (KHTML, like Gecko) Chrome/140.0.0.0 Safari/537.36 Edg/140.0.0.0"}
{"level":"info","message":"Database client removed from pool","service":"premier-erp","timestamp":"2025-09-27T14:42:56.415Z"}
{"level":"info","message":"Database client removed from pool","service":"premier-erp","timestamp":"2025-09-27T14:42:56.416Z"}
{"duration":"20ms","ip":"127.0.0.1","level":"info","method":"GET","service":"premier-erp","statusCode":304,"timestamp":"2025-09-27T14:43:15.130Z","url":"/api/inventory/summary","userAgent":"Mozilla/5.0 (Windows NT 10.0; Win64; x64) AppleWebKit/537.36 (KHTML, like Gecko) Chrome/140.0.0.0 Safari/537.36 Edg/140.0.0.0"}
{"duration":"33ms","ip":"127.0.0.1","level":"info","method":"GET","service":"premier-erp","statusCode":304,"timestamp":"2025-09-27T14:43:15.159Z","url":"/api/unified/invoices","userAgent":"Mozilla/5.0 (Windows NT 10.0; Win64; x64) AppleWebKit/537.36 (KHTML, like Gecko) Chrome/140.0.0.0 Safari/537.36 Edg/140.0.0.0"}
{"duration":"1ms","ip":"127.0.0.1","level":"info","method":"GET","service":"premier-erp","statusCode":304,"timestamp":"2025-09-27T14:43:15.205Z","url":"/api/orders","userAgent":"Mozilla/5.0 (Windows NT 10.0; Win64; x64) AppleWebKit/537.36 (KHTML, like Gecko) Chrome/140.0.0.0 Safari/537.36 Edg/140.0.0.0"}
{"level":"info","message":"New database client connected","service":"premier-erp","timestamp":"2025-09-27T14:43:15.282Z"}
{"duration":"177ms","ip":"127.0.0.1","level":"info","method":"GET","service":"premier-erp","statusCode":304,"timestamp":"2025-09-27T14:43:15.290Z","url":"/api/inventory/expiring","userAgent":"Mozilla/5.0 (Windows NT 10.0; Win64; x64) AppleWebKit/537.36 (KHTML, like Gecko) Chrome/140.0.0.0 Safari/537.36 Edg/140.0.0.0"}
{"level":"info","message":"New database client connected","service":"premier-erp","timestamp":"2025-09-27T14:43:15.310Z"}
{"duration":"204ms","ip":"127.0.0.1","level":"info","method":"GET","service":"premier-erp","statusCode":304,"timestamp":"2025-09-27T14:43:15.315Z","url":"/api/inventory/low-stock","userAgent":"Mozilla/5.0 (Windows NT 10.0; Win64; x64) AppleWebKit/537.36 (KHTML, like Gecko) Chrome/140.0.0.0 Safari/537.36 Edg/140.0.0.0"}
{"duration":"24ms","ip":"127.0.0.1","level":"info","method":"POST","service":"premier-erp","statusCode":200,"timestamp":"2025-09-27T14:43:16.830Z","url":"/auth/login","userAgent":"Mozilla/5.0 (Windows NT 10.0; Win64; x64) AppleWebKit/537.36 (KHTML, like Gecko) Chrome/140.0.0.0 Safari/537.36 Edg/140.0.0.0"}
{"duration":"19ms","ip":"127.0.0.1","level":"info","method":"GET","service":"premier-erp","statusCode":304,"timestamp":"2025-09-27T14:43:16.996Z","url":"/api/inventory/expiring","userAgent":"Mozilla/5.0 (Windows NT 10.0; Win64; x64) AppleWebKit/537.36 (KHTML, like Gecko) Chrome/140.0.0.0 Safari/537.36 Edg/140.0.0.0"}
{"duration":"17ms","ip":"127.0.0.1","level":"info","method":"GET","service":"premier-erp","statusCode":304,"timestamp":"2025-09-27T14:43:16.998Z","url":"/api/inventory/summary","userAgent":"Mozilla/5.0 (Windows NT 10.0; Win64; x64) AppleWebKit/537.36 (KHTML, like Gecko) Chrome/140.0.0.0 Safari/537.36 Edg/140.0.0.0"}
{"duration":"18ms","ip":"127.0.0.1","level":"info","method":"GET","service":"premier-erp","statusCode":304,"timestamp":"2025-09-27T14:43:17.001Z","url":"/api/inventory/low-stock","userAgent":"Mozilla/5.0 (Windows NT 10.0; Win64; x64) AppleWebKit/537.36 (KHTML, like Gecko) Chrome/140.0.0.0 Safari/537.36 Edg/140.0.0.0"}
{"duration":"23ms","ip":"127.0.0.1","level":"info","method":"GET","service":"premier-erp","statusCode":200,"timestamp":"2025-09-27T14:43:17.010Z","url":"/api/accounting/overview","userAgent":"Mozilla/5.0 (Windows NT 10.0; Win64; x64) AppleWebKit/537.36 (KHTML, like Gecko) Chrome/140.0.0.0 Safari/537.36 Edg/140.0.0.0"}
{"duration":"23ms","ip":"127.0.0.1","level":"info","method":"GET","service":"premier-erp","statusCode":200,"timestamp":"2025-09-27T14:43:17.034Z","url":"/api/dashboard/monthly-sales","userAgent":"Mozilla/5.0 (Windows NT 10.0; Win64; x64) AppleWebKit/537.36 (KHTML, like Gecko) Chrome/140.0.0.0 Safari/537.36 Edg/140.0.0.0"}
{"duration":"23ms","ip":"127.0.0.1","level":"info","method":"GET","service":"premier-erp","statusCode":200,"timestamp":"2025-09-27T14:43:17.037Z","url":"/api/dashboard/sales-distribution","userAgent":"Mozilla/5.0 (Windows NT 10.0; Win64; x64) AppleWebKit/537.36 (KHTML, like Gecko) Chrome/140.0.0.0 Safari/537.36 Edg/140.0.0.0"}
{"duration":"37ms","ip":"127.0.0.1","level":"info","method":"GET","service":"premier-erp","statusCode":200,"timestamp":"2025-09-27T14:43:17.044Z","url":"/api/dashboard/analytics","userAgent":"Mozilla/5.0 (Windows NT 10.0; Win64; x64) AppleWebKit/537.36 (KHTML, like Gecko) Chrome/140.0.0.0 Safari/537.36 Edg/140.0.0.0"}
{"duration":"5ms","ip":"127.0.0.1","level":"info","method":"GET","service":"premier-erp","statusCode":304,"timestamp":"2025-09-27T14:43:17.046Z","url":"/api/inventory/summary","userAgent":"Mozilla/5.0 (Windows NT 10.0; Win64; x64) AppleWebKit/537.36 (KHTML, like Gecko) Chrome/140.0.0.0 Safari/537.36 Edg/140.0.0.0"}
{"duration":"63ms","ip":"127.0.0.1","level":"info","method":"GET","service":"premier-erp","statusCode":200,"timestamp":"2025-09-27T14:43:17.048Z","url":"/api/accounting/summary","userAgent":"Mozilla/5.0 (Windows NT 10.0; Win64; x64) AppleWebKit/537.36 (KHTML, like Gecko) Chrome/140.0.0.0 Safari/537.36 Edg/140.0.0.0"}
{"duration":"44ms","ip":"127.0.0.1","level":"info","method":"GET","service":"premier-erp","statusCode":200,"timestamp":"2025-09-27T14:43:17.050Z","url":"/api/dashboard/summary?t=1758984196973","userAgent":"Mozilla/5.0 (Windows NT 10.0; Win64; x64) AppleWebKit/537.36 (KHTML, like Gecko) Chrome/140.0.0.0 Safari/537.36 Edg/140.0.0.0"}
{"duration":"25ms","ip":"127.0.0.1","level":"info","method":"GET","service":"premier-erp","statusCode":200,"timestamp":"2025-09-27T14:43:17.637Z","url":"/api/dashboard/category-performance","userAgent":"Mozilla/5.0 (Windows NT 10.0; Win64; x64) AppleWebKit/537.36 (KHTML, like Gecko) Chrome/140.0.0.0 Safari/537.36 Edg/140.0.0.0"}
{"duration":"19ms","ip":"127.0.0.1","level":"info","method":"GET","service":"premier-erp","statusCode":200,"timestamp":"2025-09-27T14:43:17.649Z","url":"/permissions/users/1/complete","userAgent":"Mozilla/5.0 (Windows NT 10.0; Win64; x64) AppleWebKit/537.36 (KHTML, like Gecko) Chrome/140.0.0.0 Safari/537.36 Edg/140.0.0.0"}
{"duration":"23ms","ip":"127.0.0.1","level":"info","method":"GET","service":"premier-erp","statusCode":200,"timestamp":"2025-09-27T14:43:17.655Z","url":"/Untitled%20design-7_1749347391766.png","userAgent":"Mozilla/5.0 (Windows NT 10.0; Win64; x64) AppleWebKit/537.36 (KHTML, like Gecko) Chrome/140.0.0.0 Safari/537.36 Edg/140.0.0.0"}
{"duration":"6ms","ip":"127.0.0.1","level":"info","method":"GET","service":"premier-erp","statusCode":304,"timestamp":"2025-09-27T14:43:17.905Z","url":"/api/inventory/expiring","userAgent":"Mozilla/5.0 (Windows NT 10.0; Win64; x64) AppleWebKit/537.36 (KHTML, like Gecko) Chrome/140.0.0.0 Safari/537.36 Edg/140.0.0.0"}
{"duration":"25ms","ip":"127.0.0.1","level":"info","method":"GET","service":"premier-erp","statusCode":304,"timestamp":"2025-09-27T14:43:17.926Z","url":"/api/inventory/summary","userAgent":"Mozilla/5.0 (Windows NT 10.0; Win64; x64) AppleWebKit/537.36 (KHTML, like Gecko) Chrome/140.0.0.0 Safari/537.36 Edg/140.0.0.0"}
{"duration":"59ms","ip":"127.0.0.1","level":"info","method":"GET","service":"premier-erp","statusCode":304,"timestamp":"2025-09-27T14:43:17.962Z","url":"/api/inventory/low-stock","userAgent":"Mozilla/5.0 (Windows NT 10.0; Win64; x64) AppleWebKit/537.36 (KHTML, like Gecko) Chrome/140.0.0.0 Safari/537.36 Edg/140.0.0.0"}
{"duration":"45ms","ip":"127.0.0.1","level":"info","method":"GET","service":"premier-erp","statusCode":304,"timestamp":"2025-09-27T14:43:18.024Z","url":"/api/dashboard/analytics","userAgent":"Mozilla/5.0 (Windows NT 10.0; Win64; x64) AppleWebKit/537.36 (KHTML, like Gecko) Chrome/140.0.0.0 Safari/537.36 Edg/140.0.0.0"}
{"duration":"71ms","ip":"127.0.0.1","level":"info","method":"GET","service":"premier-erp","statusCode":304,"timestamp":"2025-09-27T14:43:18.060Z","url":"/api/dashboard/monthly-sales","userAgent":"Mozilla/5.0 (Windows NT 10.0; Win64; x64) AppleWebKit/537.36 (KHTML, like Gecko) Chrome/140.0.0.0 Safari/537.36 Edg/140.0.0.0"}
{"duration":"111ms","ip":"127.0.0.1","level":"info","method":"GET","service":"premier-erp","statusCode":304,"timestamp":"2025-09-27T14:43:18.108Z","url":"/api/dashboard/sales-distribution","userAgent":"Mozilla/5.0 (Windows NT 10.0; Win64; x64) AppleWebKit/537.36 (KHTML, like Gecko) Chrome/140.0.0.0 Safari/537.36 Edg/140.0.0.0"}
{"duration":"167ms","ip":"127.0.0.1","level":"info","method":"GET","service":"premier-erp","statusCode":304,"timestamp":"2025-09-27T14:43:18.131Z","url":"/api/accounting/overview","userAgent":"Mozilla/5.0 (Windows NT 10.0; Win64; x64) AppleWebKit/537.36 (KHTML, like Gecko) Chrome/140.0.0.0 Safari/537.36 Edg/140.0.0.0"}
{"duration":"220ms","ip":"127.0.0.1","level":"info","method":"GET","service":"premier-erp","statusCode":200,"timestamp":"2025-09-27T14:43:18.164Z","url":"/api/dashboard/summary?t=1758984197898","userAgent":"Mozilla/5.0 (Windows NT 10.0; Win64; x64) AppleWebKit/537.36 (KHTML, like Gecko) Chrome/140.0.0.0 Safari/537.36 Edg/140.0.0.0"}
{"duration":"18ms","ip":"127.0.0.1","level":"info","method":"GET","service":"premier-erp","statusCode":304,"timestamp":"2025-09-27T14:43:18.166Z","url":"/api/inventory/summary","userAgent":"Mozilla/5.0 (Windows NT 10.0; Win64; x64) AppleWebKit/537.36 (KHTML, like Gecko) Chrome/140.0.0.0 Safari/537.36 Edg/140.0.0.0"}
{"duration":"96ms","ip":"127.0.0.1","level":"info","method":"GET","service":"premier-erp","statusCode":304,"timestamp":"2025-09-27T14:43:18.188Z","url":"/api/dashboard/category-performance","userAgent":"Mozilla/5.0 (Windows NT 10.0; Win64; x64) AppleWebKit/537.36 (KHTML, like Gecko) Chrome/140.0.0.0 Safari/537.36 Edg/140.0.0.0"}
{"duration":"236ms","ip":"127.0.0.1","level":"info","method":"GET","service":"premier-erp","statusCode":304,"timestamp":"2025-09-27T14:43:18.196Z","url":"/api/accounting/summary","userAgent":"Mozilla/5.0 (Windows NT 10.0; Win64; x64) AppleWebKit/537.36 (KHTML, like Gecko) Chrome/140.0.0.0 Safari/537.36 Edg/140.0.0.0"}
{"level":"info","message":"Starting memory cleanup...","service":"premier-erp","timestamp":"2025-09-27T14:43:23.880Z"}
{"level":"info","message":"Database pool before cleanup: Total=3, Idle=3","service":"premier-erp","timestamp":"2025-09-27T14:43:23.885Z"}
{"level":"info","message":"Database connections cleaned up","service":"premier-erp","timestamp":"2025-09-27T14:43:23.886Z"}
{"after":{"process":{"arrayBuffers":10,"external":25,"heapTotal":180,"heapUsed":175,"rss":209},"system":{"freeMB":1100,"totalMB":8067,"usagePercent":86,"usedMB":6966}},"before":{"process":{"arrayBuffers":10,"external":25,"heapTotal":180,"heapUsed":175,"rss":210},"system":{"freeMB":1088,"totalMB":8067,"usagePercent":87,"usedMB":6979}},"level":"info","message":"Memory cleanup completed","saved":{"heapMB":0,"systemMB":13},"service":"premier-erp","timestamp":"2025-09-27T14:43:24.894Z"}
{"duration":"2ms","ip":"127.0.0.1","level":"info","method":"GET","service":"premier-erp","statusCode":304,"timestamp":"2025-09-27T14:43:41.417Z","url":"/api/orders","userAgent":"Mozilla/5.0 (Windows NT 10.0; Win64; x64) AppleWebKit/537.36 (KHTML, like Gecko) Chrome/140.0.0.0 Safari/537.36 Edg/140.0.0.0"}
{"duration":"36ms","ip":"127.0.0.1","level":"info","method":"GET","service":"premier-erp","statusCode":304,"timestamp":"2025-09-27T14:43:41.441Z","url":"/api/inventory/summary","userAgent":"Mozilla/5.0 (Windows NT 10.0; Win64; x64) AppleWebKit/537.36 (KHTML, like Gecko) Chrome/140.0.0.0 Safari/537.36 Edg/140.0.0.0"}
{"duration":"44ms","ip":"127.0.0.1","level":"info","method":"GET","service":"premier-erp","statusCode":304,"timestamp":"2025-09-27T14:43:41.451Z","url":"/api/inventory/low-stock","userAgent":"Mozilla/5.0 (Windows NT 10.0; Win64; x64) AppleWebKit/537.36 (KHTML, like Gecko) Chrome/140.0.0.0 Safari/537.36 Edg/140.0.0.0"}
{"duration":"50ms","ip":"127.0.0.1","level":"info","method":"GET","service":"premier-erp","statusCode":304,"timestamp":"2025-09-27T14:43:41.460Z","url":"/api/inventory/expiring","userAgent":"Mozilla/5.0 (Windows NT 10.0; Win64; x64) AppleWebKit/537.36 (KHTML, like Gecko) Chrome/140.0.0.0 Safari/537.36 Edg/140.0.0.0"}
{"duration":"72ms","ip":"127.0.0.1","level":"info","method":"GET","service":"premier-erp","statusCode":304,"timestamp":"2025-09-27T14:43:41.484Z","url":"/api/unified/invoices","userAgent":"Mozilla/5.0 (Windows NT 10.0; Win64; x64) AppleWebKit/537.36 (KHTML, like Gecko) Chrome/140.0.0.0 Safari/537.36 Edg/140.0.0.0"}
{"duration":"70ms","ip":"127.0.0.1","level":"info","method":"GET","service":"premier-erp","statusCode":304,"timestamp":"2025-09-27T14:43:41.507Z","url":"/api/accounting/overview","userAgent":"Mozilla/5.0 (Windows NT 10.0; Win64; x64) AppleWebKit/537.36 (KHTML, like Gecko) Chrome/140.0.0.0 Safari/537.36 Edg/140.0.0.0"}
{"duration":"11ms","ip":"127.0.0.1","level":"info","method":"GET","service":"premier-erp","statusCode":304,"timestamp":"2025-09-27T14:43:41.514Z","url":"/api/dashboard/sales-distribution","userAgent":"Mozilla/5.0 (Windows NT 10.0; Win64; x64) AppleWebKit/537.36 (KHTML, like Gecko) Chrome/140.0.0.0 Safari/537.36 Edg/140.0.0.0"}
{"duration":"40ms","ip":"127.0.0.1","level":"info","method":"GET","service":"premier-erp","statusCode":304,"timestamp":"2025-09-27T14:43:41.532Z","url":"/api/dashboard/analytics","userAgent":"Mozilla/5.0 (Windows NT 10.0; Win64; x64) AppleWebKit/537.36 (KHTML, like Gecko) Chrome/140.0.0.0 Safari/537.36 Edg/140.0.0.0"}
{"duration":"38ms","ip":"127.0.0.1","level":"info","method":"GET","service":"premier-erp","statusCode":304,"timestamp":"2025-09-27T14:43:41.538Z","url":"/api/dashboard/monthly-sales","userAgent":"Mozilla/5.0 (Windows NT 10.0; Win64; x64) AppleWebKit/537.36 (KHTML, like Gecko) Chrome/140.0.0.0 Safari/537.36 Edg/140.0.0.0"}
{"duration":"13ms","ip":"127.0.0.1","level":"info","method":"GET","service":"premier-erp","statusCode":304,"timestamp":"2025-09-27T14:43:41.555Z","url":"/api/inventory/summary","userAgent":"Mozilla/5.0 (Windows NT 10.0; Win64; x64) AppleWebKit/537.36 (KHTML, like Gecko) Chrome/140.0.0.0 Safari/537.36 Edg/140.0.0.0"}
{"duration":"10ms","ip":"127.0.0.1","level":"info","method":"GET","service":"premier-erp","statusCode":304,"timestamp":"2025-09-27T14:43:41.558Z","url":"/api/inventory/low-stock","userAgent":"Mozilla/5.0 (Windows NT 10.0; Win64; x64) AppleWebKit/537.36 (KHTML, like Gecko) Chrome/140.0.0.0 Safari/537.36 Edg/140.0.0.0"}
{"duration":"16ms","ip":"127.0.0.1","level":"info","method":"GET","service":"premier-erp","statusCode":304,"timestamp":"2025-09-27T14:43:41.565Z","url":"/api/inventory/expiring","userAgent":"Mozilla/5.0 (Windows NT 10.0; Win64; x64) AppleWebKit/537.36 (KHTML, like Gecko) Chrome/140.0.0.0 Safari/537.36 Edg/140.0.0.0"}
{"duration":"49ms","ip":"127.0.0.1","level":"info","method":"GET","service":"premier-erp","statusCode":304,"timestamp":"2025-09-27T14:43:41.570Z","url":"/api/dashboard/category-performance","userAgent":"Mozilla/5.0 (Windows NT 10.0; Win64; x64) AppleWebKit/537.36 (KHTML, like Gecko) Chrome/140.0.0.0 Safari/537.36 Edg/140.0.0.0"}
{"duration":"84ms","ip":"127.0.0.1","level":"info","method":"GET","service":"premier-erp","statusCode":304,"timestamp":"2025-09-27T14:43:41.574Z","url":"/api/accounting/summary","userAgent":"Mozilla/5.0 (Windows NT 10.0; Win64; x64) AppleWebKit/537.36 (KHTML, like Gecko) Chrome/140.0.0.0 Safari/537.36 Edg/140.0.0.0"}
{"duration":"43ms","ip":"127.0.0.1","level":"info","method":"GET","service":"premier-erp","statusCode":200,"timestamp":"2025-09-27T14:43:41.582Z","url":"/api/dashboard/summary?t=1758984221085","userAgent":"Mozilla/5.0 (Windows NT 10.0; Win64; x64) AppleWebKit/537.36 (KHTML, like Gecko) Chrome/140.0.0.0 Safari/537.36 Edg/140.0.0.0"}
{"duration":"1ms","ip":"127.0.0.1","level":"info","method":"GET","service":"premier-erp","statusCode":304,"timestamp":"2025-09-27T14:43:44.167Z","url":"/api/orders","userAgent":"Mozilla/5.0 (Windows NT 10.0; Win64; x64) AppleWebKit/537.36 (KHTML, like Gecko) Chrome/140.0.0.0 Safari/537.36 Edg/140.0.0.0"}
{"duration":"12ms","ip":"127.0.0.1","level":"info","method":"GET","service":"premier-erp","statusCode":304,"timestamp":"2025-09-27T14:43:44.171Z","url":"/api/inventory/summary","userAgent":"Mozilla/5.0 (Windows NT 10.0; Win64; x64) AppleWebKit/537.36 (KHTML, like Gecko) Chrome/140.0.0.0 Safari/537.36 Edg/140.0.0.0"}
{"duration":"19ms","ip":"127.0.0.1","level":"info","method":"GET","service":"premier-erp","statusCode":304,"timestamp":"2025-09-27T14:43:44.179Z","url":"/api/inventory/low-stock","userAgent":"Mozilla/5.0 (Windows NT 10.0; Win64; x64) AppleWebKit/537.36 (KHTML, like Gecko) Chrome/140.0.0.0 Safari/537.36 Edg/140.0.0.0"}
{"duration":"21ms","ip":"127.0.0.1","level":"info","method":"GET","service":"premier-erp","statusCode":304,"timestamp":"2025-09-27T14:43:44.183Z","url":"/api/inventory/expiring","userAgent":"Mozilla/5.0 (Windows NT 10.0; Win64; x64) AppleWebKit/537.36 (KHTML, like Gecko) Chrome/140.0.0.0 Safari/537.36 Edg/140.0.0.0"}
{"duration":"21ms","ip":"127.0.0.1","level":"info","method":"GET","service":"premier-erp","statusCode":304,"timestamp":"2025-09-27T14:43:44.186Z","url":"/api/unified/invoices","userAgent":"Mozilla/5.0 (Windows NT 10.0; Win64; x64) AppleWebKit/537.36 (KHTML, like Gecko) Chrome/140.0.0.0 Safari/537.36 Edg/140.0.0.0"}
{"duration":"38ms","ip":"127.0.0.1","level":"info","method":"GET","service":"premier-erp","statusCode":304,"timestamp":"2025-09-27T14:43:44.207Z","url":"/api/accounting/overview","userAgent":"Mozilla/5.0 (Windows NT 10.0; Win64; x64) AppleWebKit/537.36 (KHTML, like Gecko) Chrome/140.0.0.0 Safari/537.36 Edg/140.0.0.0"}
{"duration":"174ms","ip":"127.0.0.1","level":"info","method":"GET","service":"premier-erp","statusCode":304,"timestamp":"2025-09-27T14:43:44.365Z","url":"/api/dashboard/analytics","userAgent":"Mozilla/5.0 (Windows NT 10.0; Win64; x64) AppleWebKit/537.36 (KHTML, like Gecko) Chrome/140.0.0.0 Safari/537.36 Edg/140.0.0.0"}
{"duration":"179ms","ip":"127.0.0.1","level":"info","method":"GET","service":"premier-erp","statusCode":304,"timestamp":"2025-09-27T14:43:44.382Z","url":"/api/dashboard/category-performance","userAgent":"Mozilla/5.0 (Windows NT 10.0; Win64; x64) AppleWebKit/537.36 (KHTML, like Gecko) Chrome/140.0.0.0 Safari/537.36 Edg/140.0.0.0"}
{"duration":"12ms","ip":"127.0.0.1","level":"info","method":"GET","service":"premier-erp","statusCode":304,"timestamp":"2025-09-27T14:43:44.386Z","url":"/api/inventory/summary","userAgent":"Mozilla/5.0 (Windows NT 10.0; Win64; x64) AppleWebKit/537.36 (KHTML, like Gecko) Chrome/140.0.0.0 Safari/537.36 Edg/140.0.0.0"}
{"duration":"218ms","ip":"127.0.0.1","level":"info","method":"GET","service":"premier-erp","statusCode":304,"timestamp":"2025-09-27T14:43:44.396Z","url":"/api/accounting/summary","userAgent":"Mozilla/5.0 (Windows NT 10.0; Win64; x64) AppleWebKit/537.36 (KHTML, like Gecko) Chrome/140.0.0.0 Safari/537.36 Edg/140.0.0.0"}
{"duration":"224ms","ip":"127.0.0.1","level":"info","method":"GET","service":"premier-erp","statusCode":304,"timestamp":"2025-09-27T14:43:44.419Z","url":"/api/dashboard/monthly-sales","userAgent":"Mozilla/5.0 (Windows NT 10.0; Win64; x64) AppleWebKit/537.36 (KHTML, like Gecko) Chrome/140.0.0.0 Safari/537.36 Edg/140.0.0.0"}
{"duration":"232ms","ip":"127.0.0.1","level":"info","method":"GET","service":"premier-erp","statusCode":304,"timestamp":"2025-09-27T14:43:44.435Z","url":"/api/dashboard/sales-distribution","userAgent":"Mozilla/5.0 (Windows NT 10.0; Win64; x64) AppleWebKit/537.36 (KHTML, like Gecko) Chrome/140.0.0.0 Safari/537.36 Edg/140.0.0.0"}
{"duration":"81ms","ip":"127.0.0.1","level":"info","method":"GET","service":"premier-erp","statusCode":200,"timestamp":"2025-09-27T14:43:44.453Z","url":"/api/dashboard/summary?t=1758984224123","userAgent":"Mozilla/5.0 (Windows NT 10.0; Win64; x64) AppleWebKit/537.36 (KHTML, like Gecko) Chrome/140.0.0.0 Safari/537.36 Edg/140.0.0.0"}
{"duration":"22ms","ip":"127.0.0.1","level":"info","method":"GET","service":"premier-erp","statusCode":304,"timestamp":"2025-09-27T14:43:44.459Z","url":"/api/inventory/low-stock","userAgent":"Mozilla/5.0 (Windows NT 10.0; Win64; x64) AppleWebKit/537.36 (KHTML, like Gecko) Chrome/140.0.0.0 Safari/537.36 Edg/140.0.0.0"}
{"duration":"24ms","ip":"127.0.0.1","level":"info","method":"GET","service":"premier-erp","statusCode":304,"timestamp":"2025-09-27T14:43:44.463Z","url":"/api/inventory/expiring","userAgent":"Mozilla/5.0 (Windows NT 10.0; Win64; x64) AppleWebKit/537.36 (KHTML, like Gecko) Chrome/140.0.0.0 Safari/537.36 Edg/140.0.0.0"}
{"duration":"1ms","ip":"127.0.0.1","level":"info","method":"GET","service":"premier-erp","statusCode":304,"timestamp":"2025-09-27T14:43:45.895Z","url":"/api/orders","userAgent":"Mozilla/5.0 (Windows NT 10.0; Win64; x64) AppleWebKit/537.36 (KHTML, like Gecko) Chrome/140.0.0.0 Safari/537.36 Edg/140.0.0.0"}
{"duration":"20ms","ip":"127.0.0.1","level":"info","method":"GET","service":"premier-erp","statusCode":304,"timestamp":"2025-09-27T14:43:45.907Z","url":"/api/inventory/summary","userAgent":"Mozilla/5.0 (Windows NT 10.0; Win64; x64) AppleWebKit/537.36 (KHTML, like Gecko) Chrome/140.0.0.0 Safari/537.36 Edg/140.0.0.0"}
{"duration":"31ms","ip":"127.0.0.1","level":"info","method":"GET","service":"premier-erp","statusCode":304,"timestamp":"2025-09-27T14:43:45.919Z","url":"/api/inventory/low-stock","userAgent":"Mozilla/5.0 (Windows NT 10.0; Win64; x64) AppleWebKit/537.36 (KHTML, like Gecko) Chrome/140.0.0.0 Safari/537.36 Edg/140.0.0.0"}
{"duration":"45ms","ip":"127.0.0.1","level":"info","method":"GET","service":"premier-erp","statusCode":304,"timestamp":"2025-09-27T14:43:45.935Z","url":"/api/inventory/expiring","userAgent":"Mozilla/5.0 (Windows NT 10.0; Win64; x64) AppleWebKit/537.36 (KHTML, like Gecko) Chrome/140.0.0.0 Safari/537.36 Edg/140.0.0.0"}
{"duration":"49ms","ip":"127.0.0.1","level":"info","method":"GET","service":"premier-erp","statusCode":304,"timestamp":"2025-09-27T14:43:45.942Z","url":"/api/unified/invoices","userAgent":"Mozilla/5.0 (Windows NT 10.0; Win64; x64) AppleWebKit/537.36 (KHTML, like Gecko) Chrome/140.0.0.0 Safari/537.36 Edg/140.0.0.0"}
{"duration":"88ms","ip":"127.0.0.1","level":"info","method":"GET","service":"premier-erp","statusCode":304,"timestamp":"2025-09-27T14:43:45.990Z","url":"/api/accounting/overview","userAgent":"Mozilla/5.0 (Windows NT 10.0; Win64; x64) AppleWebKit/537.36 (KHTML, like Gecko) Chrome/140.0.0.0 Safari/537.36 Edg/140.0.0.0"}
{"duration":"44ms","ip":"127.0.0.1","level":"info","method":"GET","service":"premier-erp","statusCode":304,"timestamp":"2025-09-27T14:43:46.028Z","url":"/api/dashboard/sales-distribution","userAgent":"Mozilla/5.0 (Windows NT 10.0; Win64; x64) AppleWebKit/537.36 (KHTML, like Gecko) Chrome/140.0.0.0 Safari/537.36 Edg/140.0.0.0"}
{"duration":"31ms","ip":"127.0.0.1","level":"info","method":"GET","service":"premier-erp","statusCode":304,"timestamp":"2025-09-27T14:43:46.035Z","url":"/api/dashboard/category-performance","userAgent":"Mozilla/5.0 (Windows NT 10.0; Win64; x64) AppleWebKit/537.36 (KHTML, like Gecko) Chrome/140.0.0.0 Safari/537.36 Edg/140.0.0.0"}
{"duration":"139ms","ip":"127.0.0.1","level":"info","method":"GET","service":"premier-erp","statusCode":304,"timestamp":"2025-09-27T14:43:46.044Z","url":"/api/accounting/summary","userAgent":"Mozilla/5.0 (Windows NT 10.0; Win64; x64) AppleWebKit/537.36 (KHTML, like Gecko) Chrome/140.0.0.0 Safari/537.36 Edg/140.0.0.0"}
{"duration":"98ms","ip":"127.0.0.1","level":"info","method":"GET","service":"premier-erp","statusCode":304,"timestamp":"2025-09-27T14:43:46.056Z","url":"/api/dashboard/analytics","userAgent":"Mozilla/5.0 (Windows NT 10.0; Win64; x64) AppleWebKit/537.36 (KHTML, like Gecko) Chrome/140.0.0.0 Safari/537.36 Edg/140.0.0.0"}
{"duration":"95ms","ip":"127.0.0.1","level":"info","method":"GET","service":"premier-erp","statusCode":304,"timestamp":"2025-09-27T14:43:46.070Z","url":"/api/dashboard/monthly-sales","userAgent":"Mozilla/5.0 (Windows NT 10.0; Win64; x64) AppleWebKit/537.36 (KHTML, like Gecko) Chrome/140.0.0.0 Safari/537.36 Edg/140.0.0.0"}
{"duration":"70ms","ip":"127.0.0.1","level":"info","method":"GET","service":"premier-erp","statusCode":200,"timestamp":"2025-09-27T14:43:46.083Z","url":"/api/dashboard/summary?t=1758984225826","userAgent":"Mozilla/5.0 (Windows NT 10.0; Win64; x64) AppleWebKit/537.36 (KHTML, like Gecko) Chrome/140.0.0.0 Safari/537.36 Edg/140.0.0.0"}
{"duration":"10ms","ip":"127.0.0.1","level":"info","method":"GET","service":"premier-erp","statusCode":304,"timestamp":"2025-09-27T14:43:46.087Z","url":"/api/inventory/summary","userAgent":"Mozilla/5.0 (Windows NT 10.0; Win64; x64) AppleWebKit/537.36 (KHTML, like Gecko) Chrome/140.0.0.0 Safari/537.36 Edg/140.0.0.0"}
{"duration":"23ms","ip":"127.0.0.1","level":"info","method":"GET","service":"premier-erp","statusCode":304,"timestamp":"2025-09-27T14:43:46.103Z","url":"/api/inventory/low-stock","userAgent":"Mozilla/5.0 (Windows NT 10.0; Win64; x64) AppleWebKit/537.36 (KHTML, like Gecko) Chrome/140.0.0.0 Safari/537.36 Edg/140.0.0.0"}
{"duration":"25ms","ip":"127.0.0.1","level":"info","method":"GET","service":"premier-erp","statusCode":304,"timestamp":"2025-09-27T14:43:46.105Z","url":"/api/inventory/expiring","userAgent":"Mozilla/5.0 (Windows NT 10.0; Win64; x64) AppleWebKit/537.36 (KHTML, like Gecko) Chrome/140.0.0.0 Safari/537.36 Edg/140.0.0.0"}
{"duration":"13ms","ip":"127.0.0.1","level":"info","method":"GET","service":"premier-erp","statusCode":304,"timestamp":"2025-09-27T14:43:48.265Z","url":"/api/inventory/summary","userAgent":"Mozilla/5.0 (Windows NT 10.0; Win64; x64) AppleWebKit/537.36 (KHTML, like Gecko) Chrome/140.0.0.0 Safari/537.36 Edg/140.0.0.0"}
{"duration":"13ms","ip":"127.0.0.1","level":"info","method":"GET","service":"premier-erp","statusCode":304,"timestamp":"2025-09-27T14:43:48.268Z","url":"/api/inventory/low-stock","userAgent":"Mozilla/5.0 (Windows NT 10.0; Win64; x64) AppleWebKit/537.36 (KHTML, like Gecko) Chrome/140.0.0.0 Safari/537.36 Edg/140.0.0.0"}
{"duration":"33ms","ip":"127.0.0.1","level":"info","method":"GET","service":"premier-erp","statusCode":200,"timestamp":"2025-09-27T14:43:48.272Z","url":"/api/dashboard/summary?t=1758984228235","userAgent":"Mozilla/5.0 (Windows NT 10.0; Win64; x64) AppleWebKit/537.36 (KHTML, like Gecko) Chrome/140.0.0.0 Safari/537.36 Edg/140.0.0.0"}
{"duration":"31ms","ip":"127.0.0.1","level":"info","method":"GET","service":"premier-erp","statusCode":304,"timestamp":"2025-09-27T14:43:48.274Z","url":"/api/accounting/summary","userAgent":"Mozilla/5.0 (Windows NT 10.0; Win64; x64) AppleWebKit/537.36 (KHTML, like Gecko) Chrome/140.0.0.0 Safari/537.36 Edg/140.0.0.0"}
{"duration":"40ms","ip":"127.0.0.1","level":"info","method":"GET","service":"premier-erp","statusCode":304,"timestamp":"2025-09-27T14:43:48.290Z","url":"/api/dashboard/analytics","userAgent":"Mozilla/5.0 (Windows NT 10.0; Win64; x64) AppleWebKit/537.36 (KHTML, like Gecko) Chrome/140.0.0.0 Safari/537.36 Edg/140.0.0.0"}
{"duration":"55ms","ip":"127.0.0.1","level":"info","method":"GET","service":"premier-erp","statusCode":304,"timestamp":"2025-09-27T14:43:48.303Z","url":"/api/accounting/overview","userAgent":"Mozilla/5.0 (Windows NT 10.0; Win64; x64) AppleWebKit/537.36 (KHTML, like Gecko) Chrome/140.0.0.0 Safari/537.36 Edg/140.0.0.0"}
{"duration":"19ms","ip":"127.0.0.1","level":"info","method":"GET","service":"premier-erp","statusCode":304,"timestamp":"2025-09-27T14:43:48.313Z","url":"/api/inventory/expiring","userAgent":"Mozilla/5.0 (Windows NT 10.0; Win64; x64) AppleWebKit/537.36 (KHTML, like Gecko) Chrome/140.0.0.0 Safari/537.36 Edg/140.0.0.0"}
{"duration":"9ms","ip":"127.0.0.1","level":"info","method":"GET","service":"premier-erp","statusCode":304,"timestamp":"2025-09-27T14:43:48.320Z","url":"/api/dashboard/category-performance","userAgent":"Mozilla/5.0 (Windows NT 10.0; Win64; x64) AppleWebKit/537.36 (KHTML, like Gecko) Chrome/140.0.0.0 Safari/537.36 Edg/140.0.0.0"}
{"duration":"55ms","ip":"127.0.0.1","level":"info","method":"GET","service":"premier-erp","statusCode":304,"timestamp":"2025-09-27T14:43:48.351Z","url":"/api/dashboard/monthly-sales","userAgent":"Mozilla/5.0 (Windows NT 10.0; Win64; x64) AppleWebKit/537.36 (KHTML, like Gecko) Chrome/140.0.0.0 Safari/537.36 Edg/140.0.0.0"}
{"duration":"50ms","ip":"127.0.0.1","level":"info","method":"GET","service":"premier-erp","statusCode":304,"timestamp":"2025-09-27T14:43:48.356Z","url":"/api/dashboard/sales-distribution","userAgent":"Mozilla/5.0 (Windows NT 10.0; Win64; x64) AppleWebKit/537.36 (KHTML, like Gecko) Chrome/140.0.0.0 Safari/537.36 Edg/140.0.0.0"}
{"duration":"7ms","ip":"127.0.0.1","level":"info","method":"GET","service":"premier-erp","statusCode":200,"timestamp":"2025-09-27T14:43:48.485Z","url":"/api/dashboard/summary?t=1758984228474","userAgent":"Mozilla/5.0 (Windows NT 10.0; Win64; x64) AppleWebKit/537.36 (KHTML, like Gecko) Chrome/140.0.0.0 Safari/537.36 Edg/140.0.0.0"}
{"duration":"1ms","ip":"127.0.0.1","level":"info","method":"GET","service":"premier-erp","statusCode":304,"timestamp":"2025-09-27T14:43:54.133Z","url":"/api/orders","userAgent":"Mozilla/5.0 (Windows NT 10.0; Win64; x64) AppleWebKit/537.36 (KHTML, like Gecko) Chrome/140.0.0.0 Safari/537.36 Edg/140.0.0.0"}
{"duration":"26ms","ip":"127.0.0.1","level":"info","method":"GET","service":"premier-erp","statusCode":304,"timestamp":"2025-09-27T14:43:54.142Z","url":"/api/inventory/summary","userAgent":"Mozilla/5.0 (Windows NT 10.0; Win64; x64) AppleWebKit/537.36 (KHTML, like Gecko) Chrome/140.0.0.0 Safari/537.36 Edg/140.0.0.0"}
{"duration":"28ms","ip":"127.0.0.1","level":"info","method":"GET","service":"premier-erp","statusCode":304,"timestamp":"2025-09-27T14:43:54.148Z","url":"/api/inventory/low-stock","userAgent":"Mozilla/5.0 (Windows NT 10.0; Win64; x64) AppleWebKit/537.36 (KHTML, like Gecko) Chrome/140.0.0.0 Safari/537.36 Edg/140.0.0.0"}
{"duration":"37ms","ip":"127.0.0.1","level":"info","method":"GET","service":"premier-erp","statusCode":304,"timestamp":"2025-09-27T14:43:54.161Z","url":"/api/inventory/expiring","userAgent":"Mozilla/5.0 (Windows NT 10.0; Win64; x64) AppleWebKit/537.36 (KHTML, like Gecko) Chrome/140.0.0.0 Safari/537.36 Edg/140.0.0.0"}
{"duration":"41ms","ip":"127.0.0.1","level":"info","method":"GET","service":"premier-erp","statusCode":304,"timestamp":"2025-09-27T14:43:54.171Z","url":"/api/unified/invoices","userAgent":"Mozilla/5.0 (Windows NT 10.0; Win64; x64) AppleWebKit/537.36 (KHTML, like Gecko) Chrome/140.0.0.0 Safari/537.36 Edg/140.0.0.0"}
{"duration":"65ms","ip":"127.0.0.1","level":"info","method":"GET","service":"premier-erp","statusCode":304,"timestamp":"2025-09-27T14:43:54.202Z","url":"/api/accounting/overview","userAgent":"Mozilla/5.0 (Windows NT 10.0; Win64; x64) AppleWebKit/537.36 (KHTML, like Gecko) Chrome/140.0.0.0 Safari/537.36 Edg/140.0.0.0"}
{"duration":"21ms","ip":"127.0.0.1","level":"info","method":"GET","service":"premier-erp","statusCode":304,"timestamp":"2025-09-27T14:43:54.214Z","url":"/api/dashboard/monthly-sales","userAgent":"Mozilla/5.0 (Windows NT 10.0; Win64; x64) AppleWebKit/537.36 (KHTML, like Gecko) Chrome/140.0.0.0 Safari/537.36 Edg/140.0.0.0"}
{"duration":"23ms","ip":"127.0.0.1","level":"info","method":"GET","service":"premier-erp","statusCode":304,"timestamp":"2025-09-27T14:43:54.218Z","url":"/api/dashboard/sales-distribution","userAgent":"Mozilla/5.0 (Windows NT 10.0; Win64; x64) AppleWebKit/537.36 (KHTML, like Gecko) Chrome/140.0.0.0 Safari/537.36 Edg/140.0.0.0"}
{"duration":"48ms","ip":"127.0.0.1","level":"info","method":"GET","service":"premier-erp","statusCode":304,"timestamp":"2025-09-27T14:43:54.236Z","url":"/api/dashboard/analytics","userAgent":"Mozilla/5.0 (Windows NT 10.0; Win64; x64) AppleWebKit/537.36 (KHTML, like Gecko) Chrome/140.0.0.0 Safari/537.36 Edg/140.0.0.0"}
{"duration":"9ms","ip":"127.0.0.1","level":"info","method":"GET","service":"premier-erp","statusCode":304,"timestamp":"2025-09-27T14:43:54.253Z","url":"/api/inventory/summary","userAgent":"Mozilla/5.0 (Windows NT 10.0; Win64; x64) AppleWebKit/537.36 (KHTML, like Gecko) Chrome/140.0.0.0 Safari/537.36 Edg/140.0.0.0"}
{"duration":"14ms","ip":"127.0.0.1","level":"info","method":"GET","service":"premier-erp","statusCode":304,"timestamp":"2025-09-27T14:43:54.263Z","url":"/api/inventory/low-stock","userAgent":"Mozilla/5.0 (Windows NT 10.0; Win64; x64) AppleWebKit/537.36 (KHTML, like Gecko) Chrome/140.0.0.0 Safari/537.36 Edg/140.0.0.0"}
{"duration":"145ms","ip":"127.0.0.1","level":"info","method":"GET","service":"premier-erp","statusCode":304,"timestamp":"2025-09-27T14:43:54.280Z","url":"/api/accounting/summary","userAgent":"Mozilla/5.0 (Windows NT 10.0; Win64; x64) AppleWebKit/537.36 (KHTML, like Gecko) Chrome/140.0.0.0 Safari/537.36 Edg/140.0.0.0"}
{"duration":"47ms","ip":"127.0.0.1","level":"info","method":"GET","service":"premier-erp","statusCode":304,"timestamp":"2025-09-27T14:43:54.286Z","url":"/api/dashboard/category-performance","userAgent":"Mozilla/5.0 (Windows NT 10.0; Win64; x64) AppleWebKit/537.36 (KHTML, like Gecko) Chrome/140.0.0.0 Safari/537.36 Edg/140.0.0.0"}
{"duration":"104ms","ip":"127.0.0.1","level":"info","method":"GET","service":"premier-erp","statusCode":200,"timestamp":"2025-09-27T14:43:54.300Z","url":"/api/dashboard/summary?t=1758984233754","userAgent":"Mozilla/5.0 (Windows NT 10.0; Win64; x64) AppleWebKit/537.36 (KHTML, like Gecko) Chrome/140.0.0.0 Safari/537.36 Edg/140.0.0.0"}
{"duration":"19ms","ip":"127.0.0.1","level":"info","method":"GET","service":"premier-erp","statusCode":304,"timestamp":"2025-09-27T14:43:54.302Z","url":"/api/inventory/expiring","userAgent":"Mozilla/5.0 (Windows NT 10.0; Win64; x64) AppleWebKit/537.36 (KHTML, like Gecko) Chrome/140.0.0.0 Safari/537.36 Edg/140.0.0.0"}
{"duration":"41ms","ip":"127.0.0.1","level":"info","method":"GET","service":"premier-erp","statusCode":200,"timestamp":"2025-09-27T14:43:56.102Z","url":"/","userAgent":"Mozilla/5.0 (Windows NT 10.0; Win64; x64) AppleWebKit/537.36 (KHTML, like Gecko) Chrome/140.0.0.0 Safari/537.36 Edg/140.0.0.0"}
{"duration":"78ms","ip":"127.0.0.1","level":"info","method":"GET","service":"premier-erp","statusCode":200,"timestamp":"2025-09-27T14:43:56.141Z","url":"/","userAgent":"Mozilla/5.0 (Windows NT 10.0; Win64; x64) AppleWebKit/537.36 (KHTML, like Gecko) Chrome/140.0.0.0 Safari/537.36 Edg/140.0.0.0"}
{"duration":"90ms","ip":"127.0.0.1","level":"info","method":"GET","service":"premier-erp","statusCode":200,"timestamp":"2025-09-27T14:43:56.186Z","url":"/","userAgent":"Mozilla/5.0 (Windows NT 10.0; Win64; x64) AppleWebKit/537.36 (KHTML, like Gecko) Chrome/140.0.0.0 Safari/537.36 Edg/140.0.0.0"}
{"duration":"3ms","ip":"127.0.0.1","level":"info","method":"GET","service":"premier-erp","statusCode":304,"timestamp":"2025-09-27T14:43:57.872Z","url":"/","userAgent":"Mozilla/5.0 (Windows NT 10.0; Win64; x64) AppleWebKit/537.36 (KHTML, like Gecko) Chrome/140.0.0.0 Safari/537.36 Edg/140.0.0.0"}
{"duration":"9ms","ip":"127.0.0.1","level":"info","method":"GET","service":"premier-erp","statusCode":200,"timestamp":"2025-09-27T14:43:57.976Z","url":"/api/products","userAgent":"Mozilla/5.0 (Windows NT 10.0; Win64; x64) AppleWebKit/537.36 (KHTML, like Gecko) Chrome/140.0.0.0 Safari/537.36 Edg/140.0.0.0"}
{"duration":"10ms","ip":"127.0.0.1","level":"info","method":"GET","service":"premier-erp","statusCode":200,"timestamp":"2025-09-27T14:43:57.980Z","url":"/api/products/semi-finished","userAgent":"Mozilla/5.0 (Windows NT 10.0; Win64; x64) AppleWebKit/537.36 (KHTML, like Gecko) Chrome/140.0.0.0 Safari/537.36 Edg/140.0.0.0"}
{"duration":"8ms","ip":"127.0.0.1","level":"info","method":"GET","service":"premier-erp","statusCode":200,"timestamp":"2025-09-27T14:43:58.030Z","url":"/api/products/raw-materials","userAgent":"Mozilla/5.0 (Windows NT 10.0; Win64; x64) AppleWebKit/537.36 (KHTML, like Gecko) Chrome/140.0.0.0 Safari/537.36 Edg/140.0.0.0"}
{"duration":"20ms","ip":"127.0.0.1","level":"info","method":"GET","service":"premier-erp","statusCode":200,"timestamp":"2025-09-27T14:43:58.046Z","url":"/","userAgent":"Mozilla/5.0 (Windows NT 10.0; Win64; x64) AppleWebKit/537.36 (KHTML, like Gecko) Chrome/140.0.0.0 Safari/537.36 Edg/140.0.0.0"}
{"level":"info","message":"Fetching quotations from database...","service":"premier-erp","timestamp":"2025-09-27T14:43:58.934Z"}
{"level":"info","message":"Found 0 quotations in database","service":"premier-erp","timestamp":"2025-09-27T14:43:58.939Z"}
{"level":"info","message":"🗃️ QUOTATIONS: Returning 0 from DB (no static fallback)","service":"premier-erp","timestamp":"2025-09-27T14:43:58.940Z"}
{"duration":"8ms","ip":"127.0.0.1","level":"info","method":"GET","service":"premier-erp","statusCode":200,"timestamp":"2025-09-27T14:43:58.941Z","url":"/api/quotations?query=&status=all&type=all&date=all","userAgent":"Mozilla/5.0 (Windows NT 10.0; Win64; x64) AppleWebKit/537.36 (KHTML, like Gecko) Chrome/140.0.0.0 Safari/537.36 Edg/140.0.0.0"}
{"duration":"13ms","ip":"127.0.0.1","level":"info","method":"GET","service":"premier-erp","statusCode":200,"timestamp":"2025-09-27T14:43:58.950Z","url":"/","userAgent":"Mozilla/5.0 (Windows NT 10.0; Win64; x64) AppleWebKit/537.36 (KHTML, like Gecko) Chrome/140.0.0.0 Safari/537.36 Edg/140.0.0.0"}
{"duration":"4ms","ip":"127.0.0.1","level":"info","method":"GET","service":"premier-erp","statusCode":200,"timestamp":"2025-09-27T14:44:00.203Z","url":"/api/system-preferences/category/financial","userAgent":"Mozilla/5.0 (Windows NT 10.0; Win64; x64) AppleWebKit/537.36 (KHTML, like Gecko) Chrome/140.0.0.0 Safari/537.36 Edg/140.0.0.0"}
{"duration":"16ms","ip":"127.0.0.1","level":"info","method":"GET","service":"premier-erp","statusCode":200,"timestamp":"2025-09-27T14:44:00.265Z","url":"/api/categories","userAgent":"Mozilla/5.0 (Windows NT 10.0; Win64; x64) AppleWebKit/537.36 (KHTML, like Gecko) Chrome/140.0.0.0 Safari/537.36 Edg/140.0.0.0"}
{"duration":"26ms","ip":"127.0.0.1","level":"info","method":"GET","service":"premier-erp","statusCode":200,"timestamp":"2025-09-27T14:44:00.276Z","url":"/api/orders/production-history","userAgent":"Mozilla/5.0 (Windows NT 10.0; Win64; x64) AppleWebKit/537.36 (KHTML, like Gecko) Chrome/140.0.0.0 Safari/537.36 Edg/140.0.0.0"}
{"duration":"27ms","ip":"127.0.0.1","level":"info","method":"GET","service":"premier-erp","statusCode":200,"timestamp":"2025-09-27T14:44:00.295Z","url":"/","userAgent":"Mozilla/5.0 (Windows NT 10.0; Win64; x64) AppleWebKit/537.36 (KHTML, like Gecko) Chrome/140.0.0.0 Safari/537.36 Edg/140.0.0.0"}
{"duration":"5ms","ip":"127.0.0.1","level":"info","method":"GET","service":"premier-erp","statusCode":304,"timestamp":"2025-09-27T14:44:01.483Z","url":"/api/unified/invoices","userAgent":"Mozilla/5.0 (Windows NT 10.0; Win64; x64) AppleWebKit/537.36 (KHTML, like Gecko) Chrome/140.0.0.0 Safari/537.36 Edg/140.0.0.0"}
{"duration":"5ms","ip":"127.0.0.1","level":"info","method":"GET","service":"premier-erp","statusCode":200,"timestamp":"2025-09-27T14:44:01.531Z","url":"/","userAgent":"Mozilla/5.0 (Windows NT 10.0; Win64; x64) AppleWebKit/537.36 (KHTML, like Gecko) Chrome/140.0.0.0 Safari/537.36 Edg/140.0.0.0"}
{"duration":"155ms","ip":"127.0.0.1","level":"info","method":"POST","service":"premier-erp","statusCode":200,"timestamp":"2025-09-27T14:44:03.683Z","url":"/","userAgent":"Mozilla/5.0 (Windows NT 10.0; Win64; x64) AppleWebKit/537.36 (KHTML, like Gecko) Chrome/140.0.0.0 Safari/537.36 Edg/140.0.0.0"}
{"duration":"547ms","ip":"127.0.0.1","level":"info","method":"GET","service":"premier-erp","statusCode":200,"timestamp":"2025-09-27T14:44:04.248Z","url":"/api/orders/refining-history","userAgent":"Mozilla/5.0 (Windows NT 10.0; Win64; x64) AppleWebKit/537.36 (KHTML, like Gecko) Chrome/140.0.0.0 Safari/537.36 Edg/140.0.0.0"}
{"duration":"349ms","ip":"127.0.0.1","level":"info","method":"GET","service":"premier-erp","statusCode":200,"timestamp":"2025-09-27T14:44:04.331Z","url":"/api/products?categoryId=1","userAgent":"Mozilla/5.0 (Windows NT 10.0; Win64; x64) AppleWebKit/537.36 (KHTML, like Gecko) Chrome/140.0.0.0 Safari/537.36 Edg/140.0.0.0"}
{"duration":"313ms","ip":"127.0.0.1","level":"info","method":"GET","service":"premier-erp","statusCode":304,"timestamp":"2025-09-27T14:44:04.351Z","url":"/api/orders/production-history","userAgent":"Mozilla/5.0 (Windows NT 10.0; Win64; x64) AppleWebKit/537.36 (KHTML, like Gecko) Chrome/140.0.0.0 Safari/537.36 Edg/140.0.0.0"}
{"duration":"103ms","ip":"127.0.0.1","level":"info","method":"GET","service":"premier-erp","statusCode":304,"timestamp":"2025-09-27T14:44:04.365Z","url":"/","userAgent":"Mozilla/5.0 (Windows NT 10.0; Win64; x64) AppleWebKit/537.36 (KHTML, like Gecko) Chrome/140.0.0.0 Safari/537.36 Edg/140.0.0.0"}
{"duration":"110ms","ip":"127.0.0.1","level":"info","method":"GET","service":"premier-erp","statusCode":304,"timestamp":"2025-09-27T14:44:04.377Z","url":"/api/products/raw-materials","userAgent":"Mozilla/5.0 (Windows NT 10.0; Win64; x64) AppleWebKit/537.36 (KHTML, like Gecko) Chrome/140.0.0.0 Safari/537.36 Edg/140.0.0.0"}
{"duration":"66ms","ip":"127.0.0.1","level":"info","method":"GET","service":"premier-erp","statusCode":304,"timestamp":"2025-09-27T14:44:04.380Z","url":"/api/products/semi-finished","userAgent":"Mozilla/5.0 (Windows NT 10.0; Win64; x64) AppleWebKit/537.36 (KHTML, like Gecko) Chrome/140.0.0.0 Safari/537.36 Edg/140.0.0.0"}
{"duration":"33ms","ip":"127.0.0.1","level":"info","method":"GET","service":"premier-erp","statusCode":304,"timestamp":"2025-09-27T14:44:04.393Z","url":"/api/products","userAgent":"Mozilla/5.0 (Windows NT 10.0; Win64; x64) AppleWebKit/537.36 (KHTML, like Gecko) Chrome/140.0.0.0 Safari/537.36 Edg/140.0.0.0"}
{"duration":"16ms","ip":"127.0.0.1","level":"info","method":"GET","service":"premier-erp","statusCode":200,"timestamp":"2025-09-27T14:44:04.414Z","url":"/","userAgent":"Mozilla/5.0 (Windows NT 10.0; Win64; x64) AppleWebKit/537.36 (KHTML, like Gecko) Chrome/140.0.0.0 Safari/537.36 Edg/140.0.0.0"}
{"duration":"36ms","ip":"127.0.0.1","level":"info","method":"GET","service":"premier-erp","statusCode":304,"timestamp":"2025-09-27T14:44:16.159Z","url":"/api/inventory/summary","userAgent":"Mozilla/5.0 (Windows NT 10.0; Win64; x64) AppleWebKit/537.36 (KHTML, like Gecko) Chrome/140.0.0.0 Safari/537.36 Edg/140.0.0.0"}
{"duration":"2ms","ip":"127.0.0.1","level":"info","method":"GET","service":"premier-erp","statusCode":304,"timestamp":"2025-09-27T14:44:16.190Z","url":"/api/orders","userAgent":"Mozilla/5.0 (Windows NT 10.0; Win64; x64) AppleWebKit/537.36 (KHTML, like Gecko) Chrome/140.0.0.0 Safari/537.36 Edg/140.0.0.0"}
{"duration":"353ms","ip":"127.0.0.1","level":"info","method":"GET","service":"premier-erp","statusCode":304,"timestamp":"2025-09-27T14:44:16.490Z","url":"/api/inventory/low-stock","userAgent":"Mozilla/5.0 (Windows NT 10.0; Win64; x64) AppleWebKit/537.36 (KHTML, like Gecko) Chrome/140.0.0.0 Safari/537.36 Edg/140.0.0.0"}
{"duration":"378ms","ip":"127.0.0.1","level":"info","method":"GET","service":"premier-erp","statusCode":304,"timestamp":"2025-09-27T14:44:16.529Z","url":"/api/inventory/expiring","userAgent":"Mozilla/5.0 (Windows NT 10.0; Win64; x64) AppleWebKit/537.36 (KHTML, like Gecko) Chrome/140.0.0.0 Safari/537.36 Edg/140.0.0.0"}
{"duration":"611ms","ip":"127.0.0.1","level":"info","method":"GET","service":"premier-erp","statusCode":304,"timestamp":"2025-09-27T14:44:16.765Z","url":"/api/unified/invoices","userAgent":"Mozilla/5.0 (Windows NT 10.0; Win64; x64) AppleWebKit/537.36 (KHTML, like Gecko) Chrome/140.0.0.0 Safari/537.36 Edg/140.0.0.0"}
{"duration":"723ms","ip":"127.0.0.1","level":"info","method":"GET","service":"premier-erp","statusCode":304,"timestamp":"2025-09-27T14:44:17.078Z","url":"/api/products","userAgent":"Mozilla/5.0 (Windows NT 10.0; Win64; x64) AppleWebKit/537.36 (KHTML, like Gecko) Chrome/140.0.0.0 Safari/537.36 Edg/140.0.0.0"}
{"duration":"152ms","ip":"127.0.0.1","level":"info","method":"GET","service":"premier-erp","statusCode":304,"timestamp":"2025-09-27T14:44:17.180Z","url":"/api/products/raw-materials","userAgent":"Mozilla/5.0 (Windows NT 10.0; Win64; x64) AppleWebKit/537.36 (KHTML, like Gecko) Chrome/140.0.0.0 Safari/537.36 Edg/140.0.0.0"}
{"duration":"119ms","ip":"127.0.0.1","level":"info","method":"GET","service":"premier-erp","statusCode":304,"timestamp":"2025-09-27T14:44:17.209Z","url":"/api/orders/production-history","userAgent":"Mozilla/5.0 (Windows NT 10.0; Win64; x64) AppleWebKit/537.36 (KHTML, like Gecko) Chrome/140.0.0.0 Safari/537.36 Edg/140.0.0.0"}
{"duration":"118ms","ip":"127.0.0.1","level":"info","method":"GET","service":"premier-erp","statusCode":304,"timestamp":"2025-09-27T14:44:17.244Z","url":"/api/orders/refining-history","userAgent":"Mozilla/5.0 (Windows NT 10.0; Win64; x64) AppleWebKit/537.36 (KHTML, like Gecko) Chrome/140.0.0.0 Safari/537.36 Edg/140.0.0.0"}
{"duration":"171ms","ip":"127.0.0.1","level":"info","method":"GET","service":"premier-erp","statusCode":304,"timestamp":"2025-09-27T14:44:17.254Z","url":"/api/products/semi-finished","userAgent":"Mozilla/5.0 (Windows NT 10.0; Win64; x64) AppleWebKit/537.36 (KHTML, like Gecko) Chrome/140.0.0.0 Safari/537.36 Edg/140.0.0.0"}
{"duration":"175ms","ip":"127.0.0.1","level":"info","method":"GET","service":"premier-erp","statusCode":304,"timestamp":"2025-09-27T14:44:17.260Z","url":"/","userAgent":"Mozilla/5.0 (Windows NT 10.0; Win64; x64) AppleWebKit/537.36 (KHTML, like Gecko) Chrome/140.0.0.0 Safari/537.36 Edg/140.0.0.0"}
{"duration":"7ms","ip":"127.0.0.1","level":"info","method":"GET","service":"premier-erp","statusCode":304,"timestamp":"2025-09-27T14:44:17.278Z","url":"/api/products?categoryId=1","userAgent":"Mozilla/5.0 (Windows NT 10.0; Win64; x64) AppleWebKit/537.36 (KHTML, like Gecko) Chrome/140.0.0.0 Safari/537.36 Edg/140.0.0.0"}
{"duration":"3ms","ip":"127.0.0.1","level":"info","method":"GET","service":"premier-erp","statusCode":304,"timestamp":"2025-09-27T14:44:17.473Z","url":"/api/inventory/expiring","userAgent":"Mozilla/5.0 (Windows NT 10.0; Win64; x64) AppleWebKit/537.36 (KHTML, like Gecko) Chrome/140.0.0.0 Safari/537.36 Edg/140.0.0.0"}
{"duration":"78ms","ip":"127.0.0.1","level":"info","method":"GET","service":"premier-erp","statusCode":304,"timestamp":"2025-09-27T14:44:17.568Z","url":"/api/inventory/summary","userAgent":"Mozilla/5.0 (Windows NT 10.0; Win64; x64) AppleWebKit/537.36 (KHTML, like Gecko) Chrome/140.0.0.0 Safari/537.36 Edg/140.0.0.0"}
{"duration":"90ms","ip":"127.0.0.1","level":"info","method":"GET","service":"premier-erp","statusCode":304,"timestamp":"2025-09-27T14:44:17.583Z","url":"/api/inventory/low-stock","userAgent":"Mozilla/5.0 (Windows NT 10.0; Win64; x64) AppleWebKit/537.36 (KHTML, like Gecko) Chrome/140.0.0.0 Safari/537.36 Edg/140.0.0.0"}
{"duration":"70ms","ip":"127.0.0.1","level":"info","method":"GET","service":"premier-erp","statusCode":304,"timestamp":"2025-09-27T14:44:17.613Z","url":"/api/dashboard/analytics","userAgent":"Mozilla/5.0 (Windows NT 10.0; Win64; x64) AppleWebKit/537.36 (KHTML, like Gecko) Chrome/140.0.0.0 Safari/537.36 Edg/140.0.0.0"}
{"duration":"326ms","ip":"127.0.0.1","level":"info","method":"GET","service":"premier-erp","statusCode":304,"timestamp":"2025-09-27T14:44:17.837Z","url":"/api/accounting/overview","userAgent":"Mozilla/5.0 (Windows NT 10.0; Win64; x64) AppleWebKit/537.36 (KHTML, like Gecko) Chrome/140.0.0.0 Safari/537.36 Edg/140.0.0.0"}
{"duration":"216ms","ip":"127.0.0.1","level":"info","method":"GET","service":"premier-erp","statusCode":304,"timestamp":"2025-09-27T14:44:17.860Z","url":"/api/dashboard/sales-distribution","userAgent":"Mozilla/5.0 (Windows NT 10.0; Win64; x64) AppleWebKit/537.36 (KHTML, like Gecko) Chrome/140.0.0.0 Safari/537.36 Edg/140.0.0.0"}
{"duration":"179ms","ip":"127.0.0.1","level":"info","method":"GET","service":"premier-erp","statusCode":304,"timestamp":"2025-09-27T14:44:17.900Z","url":"/api/dashboard/category-performance","userAgent":"Mozilla/5.0 (Windows NT 10.0; Win64; x64) AppleWebKit/537.36 (KHTML, like Gecko) Chrome/140.0.0.0 Safari/537.36 Edg/140.0.0.0"}
{"duration":"515ms","ip":"127.0.0.1","level":"info","method":"GET","service":"premier-erp","statusCode":200,"timestamp":"2025-09-27T14:44:18.010Z","url":"/api/dashboard/summary?t=1758984257465","userAgent":"Mozilla/5.0 (Windows NT 10.0; Win64; x64) AppleWebKit/537.36 (KHTML, like Gecko) Chrome/140.0.0.0 Safari/537.36 Edg/140.0.0.0"}
{"duration":"415ms","ip":"127.0.0.1","level":"info","method":"GET","service":"premier-erp","statusCode":304,"timestamp":"2025-09-27T14:44:18.043Z","url":"/api/dashboard/monthly-sales","userAgent":"Mozilla/5.0 (Windows NT 10.0; Win64; x64) AppleWebKit/537.36 (KHTML, like Gecko) Chrome/140.0.0.0 Safari/537.36 Edg/140.0.0.0"}
{"duration":"585ms","ip":"127.0.0.1","level":"info","method":"GET","service":"premier-erp","statusCode":304,"timestamp":"2025-09-27T14:44:18.094Z","url":"/api/accounting/summary","userAgent":"Mozilla/5.0 (Windows NT 10.0; Win64; x64) AppleWebKit/537.36 (KHTML, like Gecko) Chrome/140.0.0.0 Safari/537.36 Edg/140.0.0.0"}
{"duration":"79ms","ip":"127.0.0.1","level":"info","method":"GET","service":"premier-erp","statusCode":304,"timestamp":"2025-09-27T14:44:18.176Z","url":"/api/inventory/summary","userAgent":"Mozilla/5.0 (Windows NT 10.0; Win64; x64) AppleWebKit/537.36 (KHTML, like Gecko) Chrome/140.0.0.0 Safari/537.36 Edg/140.0.0.0"}
{"duration":"4ms","ip":"127.0.0.1","level":"info","method":"GET","service":"premier-erp","statusCode":304,"timestamp":"2025-09-27T14:44:18.204Z","url":"/","userAgent":"Mozilla/5.0 (Windows NT 10.0; Win64; x64) AppleWebKit/537.36 (KHTML, like Gecko) Chrome/140.0.0.0 Safari/537.36 Edg/140.0.0.0"}
{"duration":"177ms","ip":"127.0.0.1","level":"info","method":"GET","service":"premier-erp","statusCode":200,"timestamp":"2025-09-27T14:44:18.238Z","url":"/","userAgent":"Mozilla/5.0 (Windows NT 10.0; Win64; x64) AppleWebKit/537.36 (KHTML, like Gecko) Chrome/140.0.0.0 Safari/537.36 Edg/140.0.0.0"}
{"duration":"100ms","ip":"127.0.0.1","level":"info","method":"GET","service":"premier-erp","statusCode":304,"timestamp":"2025-09-27T14:44:18.302Z","url":"/","userAgent":"Mozilla/5.0 (Windows NT 10.0; Win64; x64) AppleWebKit/537.36 (KHTML, like Gecko) Chrome/140.0.0.0 Safari/537.36 Edg/140.0.0.0"}
{"duration":"78ms","ip":"127.0.0.1","level":"info","method":"GET","service":"premier-erp","statusCode":200,"timestamp":"2025-09-27T14:44:18.327Z","url":"/","userAgent":"Mozilla/5.0 (Windows NT 10.0; Win64; x64) AppleWebKit/537.36 (KHTML, like Gecko) Chrome/140.0.0.0 Safari/537.36 Edg/140.0.0.0"}
{"duration":"14ms","ip":"127.0.0.1","level":"info","method":"GET","service":"premier-erp","statusCode":304,"timestamp":"2025-09-27T14:44:19.386Z","url":"/","userAgent":"Mozilla/5.0 (Windows NT 10.0; Win64; x64) AppleWebKit/537.36 (KHTML, like Gecko) Chrome/140.0.0.0 Safari/537.36 Edg/140.0.0.0"}
{"duration":"21ms","ip":"127.0.0.1","level":"info","method":"GET","service":"premier-erp","statusCode":304,"timestamp":"2025-09-27T14:44:19.394Z","url":"/api/products","userAgent":"Mozilla/5.0 (Windows NT 10.0; Win64; x64) AppleWebKit/537.36 (KHTML, like Gecko) Chrome/140.0.0.0 Safari/537.36 Edg/140.0.0.0"}
{"duration":"18ms","ip":"127.0.0.1","level":"info","method":"GET","service":"premier-erp","statusCode":304,"timestamp":"2025-09-27T14:44:19.397Z","url":"/api/products/semi-finished","userAgent":"Mozilla/5.0 (Windows NT 10.0; Win64; x64) AppleWebKit/537.36 (KHTML, like Gecko) Chrome/140.0.0.0 Safari/537.36 Edg/140.0.0.0"}
{"duration":"27ms","ip":"127.0.0.1","level":"info","method":"GET","service":"premier-erp","statusCode":304,"timestamp":"2025-09-27T14:44:19.408Z","url":"/api/products/raw-materials","userAgent":"Mozilla/5.0 (Windows NT 10.0; Win64; x64) AppleWebKit/537.36 (KHTML, like Gecko) Chrome/140.0.0.0 Safari/537.36 Edg/140.0.0.0"}
{"duration":"77ms","ip":"127.0.0.1","level":"info","method":"GET","service":"premier-erp","statusCode":200,"timestamp":"2025-09-27T14:44:19.461Z","url":"/","userAgent":"Mozilla/5.0 (Windows NT 10.0; Win64; x64) AppleWebKit/537.36 (KHTML, like Gecko) Chrome/140.0.0.0 Safari/537.36 Edg/140.0.0.0"}
{"duration":"5ms","ip":"127.0.0.1","level":"info","method":"GET","service":"premier-erp","statusCode":304,"timestamp":"2025-09-27T14:44:28.345Z","url":"/api/inventory/expiring","userAgent":"Mozilla/5.0 (Windows NT 10.0; Win64; x64) AppleWebKit/537.36 (KHTML, like Gecko) Chrome/140.0.0.0 Safari/537.36 Edg/140.0.0.0"}
{"duration":"5ms","ip":"127.0.0.1","level":"info","method":"GET","service":"premier-erp","statusCode":304,"timestamp":"2025-09-27T14:44:28.364Z","url":"/api/inventory/summary","userAgent":"Mozilla/5.0 (Windows NT 10.0; Win64; x64) AppleWebKit/537.36 (KHTML, like Gecko) Chrome/140.0.0.0 Safari/537.36 Edg/140.0.0.0"}
{"duration":"14ms","ip":"127.0.0.1","level":"info","method":"GET","service":"premier-erp","statusCode":304,"timestamp":"2025-09-27T14:44:28.390Z","url":"/api/inventory/low-stock","userAgent":"Mozilla/5.0 (Windows NT 10.0; Win64; x64) AppleWebKit/537.36 (KHTML, like Gecko) Chrome/140.0.0.0 Safari/537.36 Edg/140.0.0.0"}
{"duration":"45ms","ip":"127.0.0.1","level":"info","method":"GET","service":"premier-erp","statusCode":200,"timestamp":"2025-09-27T14:44:28.455Z","url":"/api/dashboard/summary?t=1758984268329","userAgent":"Mozilla/5.0 (Windows NT 10.0; Win64; x64) AppleWebKit/537.36 (KHTML, like Gecko) Chrome/140.0.0.0 Safari/537.36 Edg/140.0.0.0"}
{"duration":"77ms","ip":"127.0.0.1","level":"info","method":"GET","service":"premier-erp","statusCode":304,"timestamp":"2025-09-27T14:44:28.537Z","url":"/api/accounting/summary","userAgent":"Mozilla/5.0 (Windows NT 10.0; Win64; x64) AppleWebKit/537.36 (KHTML, like Gecko) Chrome/140.0.0.0 Safari/537.36 Edg/140.0.0.0"}
{"duration":"75ms","ip":"127.0.0.1","level":"info","method":"GET","service":"premier-erp","statusCode":304,"timestamp":"2025-09-27T14:44:28.688Z","url":"/api/accounting/overview","userAgent":"Mozilla/5.0 (Windows NT 10.0; Win64; x64) AppleWebKit/537.36 (KHTML, like Gecko) Chrome/140.0.0.0 Safari/537.36 Edg/140.0.0.0"}
{"duration":"65ms","ip":"127.0.0.1","level":"info","method":"GET","service":"premier-erp","statusCode":304,"timestamp":"2025-09-27T14:44:28.780Z","url":"/api/inventory/summary","userAgent":"Mozilla/5.0 (Windows NT 10.0; Win64; x64) AppleWebKit/537.36 (KHTML, like Gecko) Chrome/140.0.0.0 Safari/537.36 Edg/140.0.0.0"}
{"duration":"104ms","ip":"127.0.0.1","level":"info","method":"GET","service":"premier-erp","statusCode":304,"timestamp":"2025-09-27T14:44:28.824Z","url":"/api/dashboard/category-performance","userAgent":"Mozilla/5.0 (Windows NT 10.0; Win64; x64) AppleWebKit/537.36 (KHTML, like Gecko) Chrome/140.0.0.0 Safari/537.36 Edg/140.0.0.0"}
{"duration":"182ms","ip":"127.0.0.1","level":"info","method":"GET","service":"premier-erp","statusCode":304,"timestamp":"2025-09-27T14:44:28.907Z","url":"/api/dashboard/sales-distribution","userAgent":"Mozilla/5.0 (Windows NT 10.0; Win64; x64) AppleWebKit/537.36 (KHTML, like Gecko) Chrome/140.0.0.0 Safari/537.36 Edg/140.0.0.0"}
{"duration":"276ms","ip":"127.0.0.1","level":"info","method":"GET","service":"premier-erp","statusCode":304,"timestamp":"2025-09-27T14:44:29.022Z","url":"/api/dashboard/monthly-sales","userAgent":"Mozilla/5.0 (Windows NT 10.0; Win64; x64) AppleWebKit/537.36 (KHTML, like Gecko) Chrome/140.0.0.0 Safari/537.36 Edg/140.0.0.0"}
{"duration":"382ms","ip":"127.0.0.1","level":"info","method":"GET","service":"premier-erp","statusCode":304,"timestamp":"2025-09-27T14:44:29.141Z","url":"/api/dashboard/analytics","userAgent":"Mozilla/5.0 (Windows NT 10.0; Win64; x64) AppleWebKit/537.36 (KHTML, like Gecko) Chrome/140.0.0.0 Safari/537.36 Edg/140.0.0.0"}
{"duration":"474ms","ip":"127.0.0.1","level":"info","method":"GET","service":"premier-erp","statusCode":200,"timestamp":"2025-09-27T14:44:29.191Z","url":"/","userAgent":"Mozilla/5.0 (Windows NT 10.0; Win64; x64) AppleWebKit/537.36 (KHTML, like Gecko) Chrome/140.0.0.0 Safari/537.36 Edg/140.0.0.0"}
{"duration":"5ms","ip":"127.0.0.1","level":"info","method":"GET","service":"premier-erp","statusCode":304,"timestamp":"2025-09-27T14:44:30.325Z","url":"/","userAgent":"Mozilla/5.0 (Windows NT 10.0; Win64; x64) AppleWebKit/537.36 (KHTML, like Gecko) Chrome/140.0.0.0 Safari/537.36 Edg/140.0.0.0"}
{"duration":"34ms","ip":"127.0.0.1","level":"info","method":"GET","service":"premier-erp","statusCode":200,"timestamp":"2025-09-27T14:44:30.357Z","url":"/","userAgent":"Mozilla/5.0 (Windows NT 10.0; Win64; x64) AppleWebKit/537.36 (KHTML, like Gecko) Chrome/140.0.0.0 Safari/537.36 Edg/140.0.0.0"}
{"duration":"84ms","ip":"127.0.0.1","level":"info","method":"GET","service":"premier-erp","statusCode":304,"timestamp":"2025-09-27T14:44:30.406Z","url":"/","userAgent":"Mozilla/5.0 (Windows NT 10.0; Win64; x64) AppleWebKit/537.36 (KHTML, like Gecko) Chrome/140.0.0.0 Safari/537.36 Edg/140.0.0.0"}
{"duration":"3ms","ip":"127.0.0.1","level":"info","method":"GET","service":"premier-erp","statusCode":304,"timestamp":"2025-09-27T14:44:30.842Z","url":"/","userAgent":"Mozilla/5.0 (Windows NT 10.0; Win64; x64) AppleWebKit/537.36 (KHTML, like Gecko) Chrome/140.0.0.0 Safari/537.36 Edg/140.0.0.0"}
{"duration":"8ms","ip":"127.0.0.1","level":"info","method":"GET","service":"premier-erp","statusCode":304,"timestamp":"2025-09-27T14:44:30.858Z","url":"/api/products","userAgent":"Mozilla/5.0 (Windows NT 10.0; Win64; x64) AppleWebKit/537.36 (KHTML, like Gecko) Chrome/140.0.0.0 Safari/537.36 Edg/140.0.0.0"}
{"duration":"16ms","ip":"127.0.0.1","level":"info","method":"GET","service":"premier-erp","statusCode":304,"timestamp":"2025-09-27T14:44:30.868Z","url":"/api/products/semi-finished","userAgent":"Mozilla/5.0 (Windows NT 10.0; Win64; x64) AppleWebKit/537.36 (KHTML, like Gecko) Chrome/140.0.0.0 Safari/537.36 Edg/140.0.0.0"}
{"duration":"21ms","ip":"127.0.0.1","level":"info","method":"GET","service":"premier-erp","statusCode":304,"timestamp":"2025-09-27T14:44:30.875Z","url":"/api/products/raw-materials","userAgent":"Mozilla/5.0 (Windows NT 10.0; Win64; x64) AppleWebKit/537.36 (KHTML, like Gecko) Chrome/140.0.0.0 Safari/537.36 Edg/140.0.0.0"}
{"duration":"12ms","ip":"127.0.0.1","level":"info","method":"GET","service":"premier-erp","statusCode":200,"timestamp":"2025-09-27T14:44:30.917Z","url":"/","userAgent":"Mozilla/5.0 (Windows NT 10.0; Win64; x64) AppleWebKit/537.36 (KHTML, like Gecko) Chrome/140.0.0.0 Safari/537.36 Edg/140.0.0.0"}
{"level":"info","message":"Fetching quotations from database...","service":"premier-erp","timestamp":"2025-09-27T14:44:31.720Z"}
{"level":"info","message":"Found 0 quotations in database","service":"premier-erp","timestamp":"2025-09-27T14:44:31.750Z"}
{"level":"info","message":"🗃️ QUOTATIONS: Returning 0 from DB (no static fallback)","service":"premier-erp","timestamp":"2025-09-27T14:44:31.753Z"}
{"duration":"51ms","ip":"127.0.0.1","level":"info","method":"GET","service":"premier-erp","statusCode":304,"timestamp":"2025-09-27T14:44:31.772Z","url":"/api/quotations?query=&status=all&type=all&date=all","userAgent":"Mozilla/5.0 (Windows NT 10.0; Win64; x64) AppleWebKit/537.36 (KHTML, like Gecko) Chrome/140.0.0.0 Safari/537.36 Edg/140.0.0.0"}
{"duration":"18ms","ip":"127.0.0.1","level":"info","method":"GET","service":"premier-erp","statusCode":200,"timestamp":"2025-09-27T14:44:31.805Z","url":"/","userAgent":"Mozilla/5.0 (Windows NT 10.0; Win64; x64) AppleWebKit/537.36 (KHTML, like Gecko) Chrome/140.0.0.0 Safari/537.36 Edg/140.0.0.0"}
{"duration":"4ms","ip":"127.0.0.1","level":"info","method":"GET","service":"premier-erp","statusCode":304,"timestamp":"2025-09-27T14:44:33.455Z","url":"/api/system-preferences/category/financial","userAgent":"Mozilla/5.0 (Windows NT 10.0; Win64; x64) AppleWebKit/537.36 (KHTML, like Gecko) Chrome/140.0.0.0 Safari/537.36 Edg/140.0.0.0"}
{"duration":"17ms","ip":"127.0.0.1","level":"info","method":"GET","service":"premier-erp","statusCode":200,"timestamp":"2025-09-27T14:44:33.517Z","url":"/","userAgent":"Mozilla/5.0 (Windows NT 10.0; Win64; x64) AppleWebKit/537.36 (KHTML, like Gecko) Chrome/140.0.0.0 Safari/537.36 Edg/140.0.0.0"}
{"duration":"3ms","ip":"127.0.0.1","level":"info","method":"GET","service":"premier-erp","statusCode":304,"timestamp":"2025-09-27T14:44:46.836Z","url":"/api/inventory/low-stock","userAgent":"Mozilla/5.0 (Windows NT 10.0; Win64; x64) AppleWebKit/537.36 (KHTML, like Gecko) Chrome/140.0.0.0 Safari/537.36 Edg/140.0.0.0"}
{"duration":"4ms","ip":"127.0.0.1","level":"info","method":"GET","service":"premier-erp","statusCode":304,"timestamp":"2025-09-27T14:44:46.845Z","url":"/api/inventory/expiring","userAgent":"Mozilla/5.0 (Windows NT 10.0; Win64; x64) AppleWebKit/537.36 (KHTML, like Gecko) Chrome/140.0.0.0 Safari/537.36 Edg/140.0.0.0"}
{"duration":"3ms","ip":"127.0.0.1","level":"info","method":"GET","service":"premier-erp","statusCode":304,"timestamp":"2025-09-27T14:44:58.829Z","url":"/api/inventory/summary","userAgent":"Mozilla/5.0 (Windows NT 10.0; Win64; x64) AppleWebKit/537.36 (KHTML, like Gecko) Chrome/140.0.0.0 Safari/537.36 Edg/140.0.0.0"}
{"level":"info","message":"Database client removed from pool","service":"premier-erp","timestamp":"2025-09-27T14:45:00.869Z"}
{"level":"info","message":"Database client removed from pool","service":"premier-erp","timestamp":"2025-09-27T14:45:00.871Z"}
{"level":"info","message":"Database client removed from pool","service":"premier-erp","timestamp":"2025-09-27T14:45:28.839Z"}
{"level":"info","message":"New database client connected","service":"premier-erp","timestamp":"2025-09-27T14:45:37.449Z"}
{"duration":"5ms","ip":"127.0.0.1","level":"info","method":"GET","service":"premier-erp","statusCode":304,"timestamp":"2025-09-27T14:45:37.525Z","url":"/api/orders","userAgent":"Mozilla/5.0 (Windows NT 10.0; Win64; x64) AppleWebKit/537.36 (KHTML, like Gecko) Chrome/140.0.0.0 Safari/537.36 Edg/140.0.0.0"}
{"duration":"454ms","ip":"127.0.0.1","level":"info","method":"GET","service":"premier-erp","statusCode":304,"timestamp":"2025-09-27T14:45:37.611Z","url":"/api/inventory/summary","userAgent":"Mozilla/5.0 (Windows NT 10.0; Win64; x64) AppleWebKit/537.36 (KHTML, like Gecko) Chrome/140.0.0.0 Safari/537.36 Edg/140.0.0.0"}
{"duration":"181ms","ip":"127.0.0.1","level":"info","method":"GET","service":"premier-erp","statusCode":304,"timestamp":"2025-09-27T14:45:37.699Z","url":"/api/unified/invoices","userAgent":"Mozilla/5.0 (Windows NT 10.0; Win64; x64) AppleWebKit/537.36 (KHTML, like Gecko) Chrome/140.0.0.0 Safari/537.36 Edg/140.0.0.0"}
{"duration":"181ms","ip":"127.0.0.1","level":"info","method":"GET","service":"premier-erp","statusCode":304,"timestamp":"2025-09-27T14:45:37.780Z","url":"/api/system-preferences/category/financial","userAgent":"Mozilla/5.0 (Windows NT 10.0; Win64; x64) AppleWebKit/537.36 (KHTML, like Gecko) Chrome/140.0.0.0 Safari/537.36 Edg/140.0.0.0"}
{"level":"info","message":"New database client connected","service":"premier-erp","timestamp":"2025-09-27T14:45:38.649Z"}
{"level":"info","message":"New database client connected","service":"premier-erp","timestamp":"2025-09-27T14:45:38.650Z"}
{"duration":"1150ms","ip":"127.0.0.1","level":"info","method":"GET","service":"premier-erp","statusCode":304,"timestamp":"2025-09-27T14:45:38.665Z","url":"/api/inventory/expiring","userAgent":"Mozilla/5.0 (Windows NT 10.0; Win64; x64) AppleWebKit/537.36 (KHTML, like Gecko) Chrome/140.0.0.0 Safari/537.36 Edg/140.0.0.0"}
{"duration":"1164ms","ip":"127.0.0.1","level":"info","method":"GET","service":"premier-erp","statusCode":304,"timestamp":"2025-09-27T14:45:38.677Z","url":"/api/inventory/low-stock","userAgent":"Mozilla/5.0 (Windows NT 10.0; Win64; x64) AppleWebKit/537.36 (KHTML, like Gecko) Chrome/140.0.0.0 Safari/537.36 Edg/140.0.0.0"}
{"level":"info","message":"Database client removed from pool","service":"premier-erp","timestamp":"2025-09-27T14:46:07.792Z"}
{"duration":"3ms","ip":"127.0.0.1","level":"info","method":"GET","service":"premier-erp","statusCode":304,"timestamp":"2025-09-27T14:46:08.003Z","url":"/api/inventory/summary","userAgent":"Mozilla/5.0 (Windows NT 10.0; Win64; x64) AppleWebKit/537.36 (KHTML, like Gecko) Chrome/140.0.0.0 Safari/537.36 Edg/140.0.0.0"}
{"level":"info","message":"Database client removed from pool","service":"premier-erp","timestamp":"2025-09-27T14:46:08.668Z"}
{"duration":"4ms","ip":"127.0.0.1","level":"info","method":"GET","service":"premier-erp","statusCode":304,"timestamp":"2025-09-27T14:46:08.709Z","url":"/api/inventory/expiring","userAgent":"Mozilla/5.0 (Windows NT 10.0; Win64; x64) AppleWebKit/537.36 (KHTML, like Gecko) Chrome/140.0.0.0 Safari/537.36 Edg/140.0.0.0"}
{"level":"info","message":"New database client connected","service":"premier-erp","timestamp":"2025-09-27T14:46:09.106Z"}
{"duration":"410ms","ip":"127.0.0.1","level":"info","method":"GET","service":"premier-erp","statusCode":304,"timestamp":"2025-09-27T14:46:09.118Z","url":"/api/inventory/low-stock","userAgent":"Mozilla/5.0 (Windows NT 10.0; Win64; x64) AppleWebKit/537.36 (KHTML, like Gecko) Chrome/140.0.0.0 Safari/537.36 Edg/140.0.0.0"}
{"duration":"1ms","ip":"127.0.0.1","level":"info","method":"GET","service":"premier-erp","statusCode":304,"timestamp":"2025-09-27T14:46:37.895Z","url":"/api/orders","userAgent":"Mozilla/5.0 (Windows NT 10.0; Win64; x64) AppleWebKit/537.36 (KHTML, like Gecko) Chrome/140.0.0.0 Safari/537.36 Edg/140.0.0.0"}
{"duration":"8ms","ip":"127.0.0.1","level":"info","method":"GET","service":"premier-erp","statusCode":304,"timestamp":"2025-09-27T14:46:37.904Z","url":"/api/unified/invoices","userAgent":"Mozilla/5.0 (Windows NT 10.0; Win64; x64) AppleWebKit/537.36 (KHTML, like Gecko) Chrome/140.0.0.0 Safari/537.36 Edg/140.0.0.0"}
{"duration":"4ms","ip":"127.0.0.1","level":"info","method":"GET","service":"premier-erp","statusCode":304,"timestamp":"2025-09-27T14:46:38.035Z","url":"/api/inventory/summary","userAgent":"Mozilla/5.0 (Windows NT 10.0; Win64; x64) AppleWebKit/537.36 (KHTML, like Gecko) Chrome/140.0.0.0 Safari/537.36 Edg/140.0.0.0"}
{"level":"info","message":"Database client removed from pool","service":"premier-erp","timestamp":"2025-09-27T14:46:38.721Z"}
{"duration":"5ms","ip":"127.0.0.1","level":"info","method":"GET","service":"premier-erp","statusCode":304,"timestamp":"2025-09-27T14:46:38.748Z","url":"/api/inventory/expiring","userAgent":"Mozilla/5.0 (Windows NT 10.0; Win64; x64) AppleWebKit/537.36 (KHTML, like Gecko) Chrome/140.0.0.0 Safari/537.36 Edg/140.0.0.0"}
{"duration":"3ms","ip":"127.0.0.1","level":"info","method":"GET","service":"premier-erp","statusCode":304,"timestamp":"2025-09-27T14:46:39.135Z","url":"/api/inventory/low-stock","userAgent":"Mozilla/5.0 (Windows NT 10.0; Win64; x64) AppleWebKit/537.36 (KHTML, like Gecko) Chrome/140.0.0.0 Safari/537.36 Edg/140.0.0.0"}
{"duration":"4ms","ip":"127.0.0.1","level":"info","method":"GET","service":"premier-erp","statusCode":304,"timestamp":"2025-09-27T14:47:08.361Z","url":"/api/inventory/summary","userAgent":"Mozilla/5.0 (Windows NT 10.0; Win64; x64) AppleWebKit/537.36 (KHTML, like Gecko) Chrome/140.0.0.0 Safari/537.36 Edg/140.0.0.0"}
{"duration":"3ms","ip":"127.0.0.1","level":"info","method":"GET","service":"premier-erp","statusCode":304,"timestamp":"2025-09-27T14:47:08.766Z","url":"/api/inventory/expiring","userAgent":"Mozilla/5.0 (Windows NT 10.0; Win64; x64) AppleWebKit/537.36 (KHTML, like Gecko) Chrome/140.0.0.0 Safari/537.36 Edg/140.0.0.0"}
{"duration":"5ms","ip":"127.0.0.1","level":"info","method":"GET","service":"premier-erp","statusCode":304,"timestamp":"2025-09-27T14:47:09.150Z","url":"/api/inventory/low-stock","userAgent":"Mozilla/5.0 (Windows NT 10.0; Win64; x64) AppleWebKit/537.36 (KHTML, like Gecko) Chrome/140.0.0.0 Safari/537.36 Edg/140.0.0.0"}
{"duration":"1ms","ip":"127.0.0.1","level":"info","method":"GET","service":"premier-erp","statusCode":304,"timestamp":"2025-09-27T14:47:46.849Z","url":"/api/orders","userAgent":"Mozilla/5.0 (Windows NT 10.0; Win64; x64) AppleWebKit/537.36 (KHTML, like Gecko) Chrome/140.0.0.0 Safari/537.36 Edg/140.0.0.0"}
{"duration":"68ms","ip":"127.0.0.1","level":"info","method":"GET","service":"premier-erp","statusCode":304,"timestamp":"2025-09-27T14:47:46.907Z","url":"/api/inventory/summary","userAgent":"Mozilla/5.0 (Windows NT 10.0; Win64; x64) AppleWebKit/537.36 (KHTML, like Gecko) Chrome/140.0.0.0 Safari/537.36 Edg/140.0.0.0"}
{"duration":"69ms","ip":"127.0.0.1","level":"info","method":"GET","service":"premier-erp","statusCode":304,"timestamp":"2025-09-27T14:47:46.915Z","url":"/api/unified/invoices","userAgent":"Mozilla/5.0 (Windows NT 10.0; Win64; x64) AppleWebKit/537.36 (KHTML, like Gecko) Chrome/140.0.0.0 Safari/537.36 Edg/140.0.0.0"}
{"duration":"17ms","ip":"127.0.0.1","level":"info","method":"GET","service":"premier-erp","statusCode":304,"timestamp":"2025-09-27T14:47:46.923Z","url":"/api/system-preferences/category/financial","userAgent":"Mozilla/5.0 (Windows NT 10.0; Win64; x64) AppleWebKit/537.36 (KHTML, like Gecko) Chrome/140.0.0.0 Safari/537.36 Edg/140.0.0.0"}
{"level":"info","message":"New database client connected","service":"premier-erp","timestamp":"2025-09-27T14:47:47.003Z"}
{"duration":"182ms","ip":"127.0.0.1","level":"info","method":"GET","service":"premier-erp","statusCode":304,"timestamp":"2025-09-27T14:47:47.022Z","url":"/api/inventory/low-stock","userAgent":"Mozilla/5.0 (Windows NT 10.0; Win64; x64) AppleWebKit/537.36 (KHTML, like Gecko) Chrome/140.0.0.0 Safari/537.36 Edg/140.0.0.0"}
{"level":"info","message":"New database client connected","service":"premier-erp","timestamp":"2025-09-27T14:47:47.074Z"}
{"duration":"242ms","ip":"127.0.0.1","level":"info","method":"GET","service":"premier-erp","statusCode":304,"timestamp":"2025-09-27T14:47:47.084Z","url":"/api/inventory/expiring","userAgent":"Mozilla/5.0 (Windows NT 10.0; Win64; x64) AppleWebKit/537.36 (KHTML, like Gecko) Chrome/140.0.0.0 Safari/537.36 Edg/140.0.0.0"}
{"duration":"2ms","ip":"127.0.0.1","level":"info","method":"GET","service":"premier-erp","statusCode":304,"timestamp":"2025-09-27T14:47:48.911Z","url":"/api/orders","userAgent":"Mozilla/5.0 (Windows NT 10.0; Win64; x64) AppleWebKit/537.36 (KHTML, like Gecko) Chrome/140.0.0.0 Safari/537.36 Edg/140.0.0.0"}
{"duration":"24ms","ip":"127.0.0.1","level":"info","method":"GET","service":"premier-erp","statusCode":304,"timestamp":"2025-09-27T14:47:48.922Z","url":"/api/inventory/summary","userAgent":"Mozilla/5.0 (Windows NT 10.0; Win64; x64) AppleWebKit/537.36 (KHTML, like Gecko) Chrome/140.0.0.0 Safari/537.36 Edg/140.0.0.0"}
{"duration":"33ms","ip":"127.0.0.1","level":"info","method":"GET","service":"premier-erp","statusCode":304,"timestamp":"2025-09-27T14:47:48.933Z","url":"/api/inventory/low-stock","userAgent":"Mozilla/5.0 (Windows NT 10.0; Win64; x64) AppleWebKit/537.36 (KHTML, like Gecko) Chrome/140.0.0.0 Safari/537.36 Edg/140.0.0.0"}
{"duration":"36ms","ip":"127.0.0.1","level":"info","method":"GET","service":"premier-erp","statusCode":304,"timestamp":"2025-09-27T14:47:48.939Z","url":"/api/inventory/expiring","userAgent":"Mozilla/5.0 (Windows NT 10.0; Win64; x64) AppleWebKit/537.36 (KHTML, like Gecko) Chrome/140.0.0.0 Safari/537.36 Edg/140.0.0.0"}
{"duration":"44ms","ip":"127.0.0.1","level":"info","method":"GET","service":"premier-erp","statusCode":304,"timestamp":"2025-09-27T14:47:48.949Z","url":"/api/unified/invoices","userAgent":"Mozilla/5.0 (Windows NT 10.0; Win64; x64) AppleWebKit/537.36 (KHTML, like Gecko) Chrome/140.0.0.0 Safari/537.36 Edg/140.0.0.0"}
{"duration":"38ms","ip":"127.0.0.1","level":"info","method":"GET","service":"premier-erp","statusCode":304,"timestamp":"2025-09-27T14:47:48.957Z","url":"/api/system-preferences/category/financial","userAgent":"Mozilla/5.0 (Windows NT 10.0; Win64; x64) AppleWebKit/537.36 (KHTML, like Gecko) Chrome/140.0.0.0 Safari/537.36 Edg/140.0.0.0"}
